,data size,granules number,relation type,ksi,accuracy
0,1000,50,t,0.05,0.491
1,1000,50,t,0.1,0.68
2,1000,50,t,0.15,0.68
3,1000,50,t,0.2,0.68
4,1000,50,t,0.25,0.68
5,1000,50,t,0.3,0.68
6,1000,50,t,0.35,0.68
7,1000,50,t,0.4,0.656
8,1000,50,t,0.45,0.656
9,1000,50,t,0.5,0.433
10,1000,50,t,0.55,0.588
11,1000,50,t,0.6,0.68
12,1000,50,t,0.65,0.491
13,1000,50,t,0.7,0.491
14,1000,50,t,0.75,0.491
15,1000,50,t,0.8,0.68
16,1000,50,t,0.85,0.491
17,1000,50,t,0.9,0.68
18,1000,50,t,0.95,0.68
19,1000,50,e,0.05,0.491
20,1000,50,e,0.1,0.68
21,1000,50,e,0.15,0.68
22,1000,50,e,0.2,0.68
23,1000,50,e,0.25,0.68
24,1000,50,e,0.3,0.68
25,1000,50,e,0.35,0.656
26,1000,50,e,0.4,0.433
27,1000,50,e,0.45,0.68
28,1000,50,e,0.5,0.491
29,1000,50,e,0.55,0.68
30,1000,50,e,0.6,0.68
31,1000,50,e,0.65,0.68
32,1000,50,e,0.7,0.68
33,1000,50,e,0.75,0.68
34,1000,50,e,0.8,0.669
35,1000,50,e,0.85,0.671
36,1000,50,e,0.9,0.671
37,1000,50,e,0.95,0.652
38,1000,50,g,0.05,0.68
39,1000,50,g,0.1,0.656
40,1000,50,g,0.15,0.588
41,1000,50,g,0.2,0.491
42,1000,50,g,0.25,0.491
43,1000,50,g,0.3,0.791
44,1000,50,g,0.35,0.68
45,1000,50,g,0.4,0.679
46,1000,50,g,0.45,0.68
47,1000,50,g,0.5,0.68
48,1000,50,g,0.55,0.68
49,1000,50,g,0.6,0.68
50,1000,50,g,0.65,0.68
51,1000,50,g,0.7,0.656
52,1000,50,g,0.75,0.669
53,1000,50,g,0.8,0.68
54,1000,50,g,0.85,0.671
55,1000,50,g,0.9,0.671
56,1000,50,g,0.95,0.536
57,1000,100,t,0.05,1.0
58,1000,100,t,0.1,1.0
59,1000,100,t,0.15,1.0
60,1000,100,t,0.2,1.0
61,1000,100,t,0.25,1.0
62,1000,100,t,0.3,1.0
63,1000,100,t,0.35,1.0
64,1000,100,t,0.4,1.0
65,1000,100,t,0.45,1.0
66,1000,100,t,0.5,1.0
67,1000,100,t,0.55,1.0
68,1000,100,t,0.6,1.0
69,1000,100,t,0.65,1.0
70,1000,100,t,0.7,1.0
71,1000,100,t,0.75,1.0
72,1000,100,t,0.8,1.0
73,1000,100,t,0.85,1.0
74,1000,100,t,0.9,1.0
75,1000,100,t,0.95,1.0
76,1000,100,e,0.05,1.0
77,1000,100,e,0.1,1.0
78,1000,100,e,0.15,1.0
79,1000,100,e,0.2,1.0
80,1000,100,e,0.25,1.0
81,1000,100,e,0.3,1.0
82,1000,100,e,0.35,1.0
83,1000,100,e,0.4,1.0
84,1000,100,e,0.45,1.0
85,1000,100,e,0.5,1.0
86,1000,100,e,0.55,1.0
87,1000,100,e,0.6,1.0
88,1000,100,e,0.65,1.0
89,1000,100,e,0.7,1.0
90,1000,100,e,0.75,1.0
91,1000,100,e,0.8,1.0
92,1000,100,e,0.85,1.0
93,1000,100,e,0.9,1.0
94,1000,100,e,0.95,1.0
95,1000,100,g,0.05,1.0
96,1000,100,g,0.1,1.0
97,1000,100,g,0.15,1.0
98,1000,100,g,0.2,1.0
99,1000,100,g,0.25,1.0
100,1000,100,g,0.3,1.0
101,1000,100,g,0.35,1.0
102,1000,100,g,0.4,1.0
103,1000,100,g,0.45,1.0
104,1000,100,g,0.5,1.0
105,1000,100,g,0.55,1.0
106,1000,100,g,0.6,1.0
107,1000,100,g,0.65,1.0
108,1000,100,g,0.7,1.0
109,1000,100,g,0.75,1.0
110,1000,100,g,0.8,1.0
111,1000,100,g,0.85,1.0
112,1000,100,g,0.9,1.0
113,1000,100,g,0.95,0.807
114,1000,200,t,0.05,1.0
115,1000,200,t,0.1,1.0
116,1000,200,t,0.15,1.0
117,1000,200,t,0.2,1.0
118,1000,200,t,0.25,1.0
119,1000,200,t,0.3,1.0
120,1000,200,t,0.35,1.0
121,1000,200,t,0.4,1.0
122,1000,200,t,0.45,1.0
123,1000,200,t,0.5,1.0
124,1000,200,t,0.55,1.0
125,1000,200,t,0.6,1.0
126,1000,200,t,0.65,1.0
127,1000,200,t,0.7,1.0
128,1000,200,t,0.75,1.0
129,1000,200,t,0.8,1.0
130,1000,200,t,0.85,1.0
131,1000,200,t,0.9,1.0
132,1000,200,t,0.95,1.0
133,1000,200,e,0.05,1.0
134,1000,200,e,0.1,1.0
135,1000,200,e,0.15,1.0
136,1000,200,e,0.2,1.0
137,1000,200,e,0.25,1.0
138,1000,200,e,0.3,1.0
139,1000,200,e,0.35,1.0
140,1000,200,e,0.4,1.0
141,1000,200,e,0.45,1.0
142,1000,200,e,0.5,1.0
143,1000,200,e,0.55,1.0
144,1000,200,e,0.6,1.0
145,1000,200,e,0.65,1.0
146,1000,200,e,0.7,1.0
147,1000,200,e,0.75,1.0
148,1000,200,e,0.8,1.0
149,1000,200,e,0.85,1.0
150,1000,200,e,0.9,1.0
151,1000,200,e,0.95,1.0
152,1000,200,g,0.05,1.0
153,1000,200,g,0.1,1.0
154,1000,200,g,0.15,1.0
155,1000,200,g,0.2,1.0
156,1000,200,g,0.25,1.0
157,1000,200,g,0.3,1.0
158,1000,200,g,0.35,1.0
159,1000,200,g,0.4,1.0
160,1000,200,g,0.45,1.0
161,1000,200,g,0.5,1.0
162,1000,200,g,0.55,1.0
163,1000,200,g,0.6,1.0
164,1000,200,g,0.65,1.0
165,1000,200,g,0.7,1.0
166,1000,200,g,0.75,1.0
167,1000,200,g,0.8,1.0
168,1000,200,g,0.85,1.0
169,1000,200,g,0.9,1.0
170,1000,200,g,0.95,1.0
171,2000,50,t,0.05,0.583
172,2000,50,t,0.1,0.583
173,2000,50,t,0.15,0.583
174,2000,50,t,0.2,0.583
175,2000,50,t,0.25,0.583
176,2000,50,t,0.3,0.583
177,2000,50,t,0.35,0.583
178,2000,50,t,0.4,0.583
179,2000,50,t,0.45,0.583
180,2000,50,t,0.5,0.583
181,2000,50,t,0.55,0.583
182,2000,50,t,0.6,0.583
183,2000,50,t,0.65,0.583
184,2000,50,t,0.7,0.583
185,2000,50,t,0.75,0.583
186,2000,50,t,0.8,0.583
187,2000,50,t,0.85,0.5165
188,2000,50,t,0.9,0.883
189,2000,50,t,0.95,0.583
190,2000,50,e,0.05,0.583
191,2000,50,e,0.1,0.583
192,2000,50,e,0.15,0.583
193,2000,50,e,0.2,0.583
194,2000,50,e,0.25,0.583
195,2000,50,e,0.3,0.583
196,2000,50,e,0.35,0.583
197,2000,50,e,0.4,0.583
198,2000,50,e,0.45,0.583
199,2000,50,e,0.5,0.583
200,2000,50,e,0.55,0.583
201,2000,50,e,0.6,0.4235
202,2000,50,e,0.65,0.583
203,2000,50,e,0.7,0.6535
204,2000,50,e,0.75,0.6535
205,2000,50,e,0.8,0.6535
206,2000,50,e,0.85,0.6535
207,2000,50,e,0.9,0.6535
208,2000,50,e,0.95,0.6535
209,2000,50,g,0.05,0.583
210,2000,50,g,0.1,0.583
211,2000,50,g,0.15,0.583
212,2000,50,g,0.2,0.583
213,2000,50,g,0.25,0.583
214,2000,50,g,0.3,0.5165
215,2000,50,g,0.35,0.583
216,2000,50,g,0.4,0.583
217,2000,50,g,0.45,0.5545
218,2000,50,g,0.5,0.6535
219,2000,50,g,0.55,0.6535
220,2000,50,g,0.6,0.6535
221,2000,50,g,0.65,0.6535
222,2000,50,g,0.7,0.6535
223,2000,50,g,0.75,0.583
224,2000,50,g,0.8,0.6535
225,2000,50,g,0.85,0.6535
226,2000,50,g,0.9,0.6535
227,2000,50,g,0.95,0.6535
228,2000,100,t,0.05,1.0
229,2000,100,t,0.1,1.0
230,2000,100,t,0.15,1.0
231,2000,100,t,0.2,1.0
232,2000,100,t,0.25,1.0
233,2000,100,t,0.3,1.0
234,2000,100,t,0.35,1.0
235,2000,100,t,0.4,1.0
236,2000,100,t,0.45,0.656
237,2000,100,t,0.5,0.656
238,2000,100,t,0.55,0.656
239,2000,100,t,0.6,1.0
240,2000,100,t,0.65,0.656
241,2000,100,t,0.7,0.656
242,2000,100,t,0.75,0.656
243,2000,100,t,0.8,1.0
244,2000,100,t,0.85,0.656
245,2000,100,t,0.9,1.0
246,2000,100,t,0.95,1.0
247,2000,100,e,0.05,1.0
248,2000,100,e,0.1,1.0
249,2000,100,e,0.15,1.0
250,2000,100,e,0.2,1.0
251,2000,100,e,0.25,1.0
252,2000,100,e,0.3,1.0
253,2000,100,e,0.35,0.656
254,2000,100,e,0.4,0.656
255,2000,100,e,0.45,1.0
256,2000,100,e,0.5,0.656
257,2000,100,e,0.55,1.0
258,2000,100,e,0.6,1.0
259,2000,100,e,0.65,1.0
260,2000,100,e,0.7,1.0
261,2000,100,e,0.75,0.4715
262,2000,100,e,0.8,1.0
263,2000,100,e,0.85,1.0
264,2000,100,e,0.9,0.4715
265,2000,100,e,0.95,1.0
266,2000,100,g,0.05,1.0
267,2000,100,g,0.1,0.656
268,2000,100,g,0.15,1.0
269,2000,100,g,0.2,0.656
270,2000,100,g,0.25,0.656
271,2000,100,g,0.3,1.0
272,2000,100,g,0.35,1.0
273,2000,100,g,0.4,1.0
274,2000,100,g,0.45,1.0
275,2000,100,g,0.5,1.0
276,2000,100,g,0.55,1.0
277,2000,100,g,0.6,1.0
278,2000,100,g,0.65,0.4715
279,2000,100,g,0.7,1.0
280,2000,100,g,0.75,1.0
281,2000,100,g,0.8,1.0
282,2000,100,g,0.85,1.0
283,2000,100,g,0.9,0.4715
284,2000,100,g,0.95,0.616
285,2000,200,t,0.05,1.0
286,2000,200,t,0.1,1.0
287,2000,200,t,0.15,1.0
288,2000,200,t,0.2,1.0
289,2000,200,t,0.25,1.0
290,2000,200,t,0.3,1.0
291,2000,200,t,0.35,1.0
292,2000,200,t,0.4,1.0
293,2000,200,t,0.45,1.0
294,2000,200,t,0.5,1.0
295,2000,200,t,0.55,1.0
296,2000,200,t,0.6,1.0
297,2000,200,t,0.65,1.0
298,2000,200,t,0.7,1.0
299,2000,200,t,0.75,1.0
300,2000,200,t,0.8,1.0
301,2000,200,t,0.85,1.0
302,2000,200,t,0.9,1.0
303,2000,200,t,0.95,1.0
304,2000,200,e,0.05,1.0
305,2000,200,e,0.1,1.0
306,2000,200,e,0.15,1.0
307,2000,200,e,0.2,1.0
308,2000,200,e,0.25,1.0
309,2000,200,e,0.3,1.0
310,2000,200,e,0.35,1.0
311,2000,200,e,0.4,1.0
312,2000,200,e,0.45,1.0
313,2000,200,e,0.5,1.0
314,2000,200,e,0.55,1.0
315,2000,200,e,0.6,1.0
316,2000,200,e,0.65,1.0
317,2000,200,e,0.7,1.0
318,2000,200,e,0.75,1.0
319,2000,200,e,0.8,1.0
320,2000,200,e,0.85,1.0
321,2000,200,e,0.9,1.0
322,2000,200,e,0.95,1.0
323,2000,200,g,0.05,1.0
324,2000,200,g,0.1,1.0
325,2000,200,g,0.15,1.0
326,2000,200,g,0.2,1.0
327,2000,200,g,0.25,1.0
328,2000,200,g,0.3,1.0
329,2000,200,g,0.35,1.0
330,2000,200,g,0.4,1.0
331,2000,200,g,0.45,1.0
332,2000,200,g,0.5,1.0
333,2000,200,g,0.55,1.0
334,2000,200,g,0.6,1.0
335,2000,200,g,0.65,1.0
336,2000,200,g,0.7,1.0
337,2000,200,g,0.75,1.0
338,2000,200,g,0.8,1.0
339,2000,200,g,0.85,1.0
340,2000,200,g,0.9,1.0
341,2000,200,g,0.95,1.0
342,5000,50,t,0.05,1.0
343,5000,50,t,0.1,1.0
344,5000,50,t,0.15,1.0
345,5000,50,t,0.2,1.0
346,5000,50,t,0.25,1.0
347,5000,50,t,0.3,1.0
348,5000,50,t,0.35,1.0
349,5000,50,t,0.4,1.0
350,5000,50,t,0.45,1.0
351,5000,50,t,0.5,1.0
352,5000,50,t,0.55,1.0
353,5000,50,t,0.6,0.5358
354,5000,50,t,0.65,0.5358
355,5000,50,t,0.7,0.5358
356,5000,50,t,0.75,0.5358
357,5000,50,t,0.8,0.5358
358,5000,50,t,0.85,0.6514
359,5000,50,t,0.9,0.5358
360,5000,50,t,0.95,0.5358
361,5000,50,e,0.05,1.0
362,5000,50,e,0.1,1.0
363,5000,50,e,0.15,1.0
364,5000,50,e,0.2,1.0
365,5000,50,e,0.25,1.0
366,5000,50,e,0.3,1.0
367,5000,50,e,0.35,1.0
368,5000,50,e,0.4,1.0
369,5000,50,e,0.45,0.5358
370,5000,50,e,0.5,0.5358
371,5000,50,e,0.55,0.5358
372,5000,50,e,0.6,0.5358
373,5000,50,e,0.65,1.0
374,5000,50,e,0.7,0.6514
375,5000,50,e,0.75,0.6016
376,5000,50,e,0.8,0.5614
377,5000,50,e,0.85,0.6274
378,5000,50,e,0.9,0.6274
379,5000,50,e,0.95,0.7392
380,5000,50,g,0.05,1.0
381,5000,50,g,0.1,1.0
382,5000,50,g,0.15,1.0
383,5000,50,g,0.2,0.5358
384,5000,50,g,0.25,0.5358
385,5000,50,g,0.3,0.6514
386,5000,50,g,0.35,0.5358
387,5000,50,g,0.4,0.5614
388,5000,50,g,0.45,1.0
389,5000,50,g,0.5,0.6514
390,5000,50,g,0.55,0.6514
391,5000,50,g,0.6,0.592
392,5000,50,g,0.65,0.6016
393,5000,50,g,0.7,0.6016
394,5000,50,g,0.75,0.5614
395,5000,50,g,0.8,0.6274
396,5000,50,g,0.85,0.5576
397,5000,50,g,0.9,0.6274
398,5000,50,g,0.95,0.3866
399,5000,100,t,0.05,1.0
400,5000,100,t,0.1,1.0
401,5000,100,t,0.15,1.0
402,5000,100,t,0.2,1.0
403,5000,100,t,0.25,1.0
404,5000,100,t,0.3,1.0
405,5000,100,t,0.35,1.0
406,5000,100,t,0.4,1.0
407,5000,100,t,0.45,1.0
408,5000,100,t,0.5,1.0
409,5000,100,t,0.55,1.0
410,5000,100,t,0.6,1.0
411,5000,100,t,0.65,1.0
412,5000,100,t,0.7,1.0
413,5000,100,t,0.75,1.0
414,5000,100,t,0.8,1.0
415,5000,100,t,0.85,1.0
416,5000,100,t,0.9,1.0
417,5000,100,t,0.95,1.0
418,5000,100,e,0.05,1.0
419,5000,100,e,0.1,1.0
420,5000,100,e,0.15,1.0
421,5000,100,e,0.2,1.0
422,5000,100,e,0.25,1.0
423,5000,100,e,0.3,1.0
424,5000,100,e,0.35,1.0
425,5000,100,e,0.4,1.0
426,5000,100,e,0.45,1.0
427,5000,100,e,0.5,1.0
428,5000,100,e,0.55,1.0
429,5000,100,e,0.6,1.0
430,5000,100,e,0.65,1.0
431,5000,100,e,0.7,1.0
432,5000,100,e,0.75,1.0
433,5000,100,e,0.8,1.0
434,5000,100,e,0.85,0.6196
435,5000,100,e,0.9,1.0
436,5000,100,e,0.95,1.0
437,5000,100,g,0.05,1.0
438,5000,100,g,0.1,1.0
439,5000,100,g,0.15,1.0
440,5000,100,g,0.2,1.0
441,5000,100,g,0.25,1.0
442,5000,100,g,0.3,1.0
443,5000,100,g,0.35,1.0
444,5000,100,g,0.4,1.0
445,5000,100,g,0.45,1.0
446,5000,100,g,0.5,1.0
447,5000,100,g,0.55,1.0
448,5000,100,g,0.6,1.0
449,5000,100,g,0.65,1.0
450,5000,100,g,0.7,1.0
451,5000,100,g,0.75,1.0
452,5000,100,g,0.8,1.0
453,5000,100,g,0.85,0.6196
454,5000,100,g,0.9,1.0
455,5000,100,g,0.95,1.0
456,5000,200,t,0.05,1.0
457,5000,200,t,0.1,1.0
458,5000,200,t,0.15,1.0
459,5000,200,t,0.2,1.0
460,5000,200,t,0.25,1.0
461,5000,200,t,0.3,1.0
462,5000,200,t,0.35,1.0
463,5000,200,t,0.4,1.0
464,5000,200,t,0.45,1.0
465,5000,200,t,0.5,1.0
466,5000,200,t,0.55,1.0
467,5000,200,t,0.6,1.0
468,5000,200,t,0.65,1.0
469,5000,200,t,0.7,1.0
470,5000,200,t,0.75,1.0
471,5000,200,t,0.8,1.0
472,5000,200,t,0.85,1.0
473,5000,200,t,0.9,1.0
474,5000,200,t,0.95,1.0
475,5000,200,e,0.05,1.0
476,5000,200,e,0.1,1.0
477,5000,200,e,0.15,1.0
478,5000,200,e,0.2,1.0
479,5000,200,e,0.25,1.0
480,5000,200,e,0.3,1.0
481,5000,200,e,0.35,1.0
482,5000,200,e,0.4,1.0
483,5000,200,e,0.45,1.0
484,5000,200,e,0.5,1.0
485,5000,200,e,0.55,1.0
486,5000,200,e,0.6,1.0
487,5000,200,e,0.65,1.0
488,5000,200,e,0.7,1.0
489,5000,200,e,0.75,1.0
490,5000,200,e,0.8,1.0
491,5000,200,e,0.85,1.0
492,5000,200,e,0.9,1.0
493,5000,200,e,0.95,1.0
494,5000,200,g,0.05,1.0
495,5000,200,g,0.1,1.0
496,5000,200,g,0.15,1.0
497,5000,200,g,0.2,1.0
498,5000,200,g,0.25,1.0
499,5000,200,g,0.3,1.0
500,5000,200,g,0.35,1.0
501,5000,200,g,0.4,1.0
502,5000,200,g,0.45,1.0
503,5000,200,g,0.5,1.0
504,5000,200,g,0.55,1.0
505,5000,200,g,0.6,1.0
506,5000,200,g,0.65,1.0
507,5000,200,g,0.7,1.0
508,5000,200,g,0.75,1.0
509,5000,200,g,0.8,1.0
510,5000,200,g,0.85,1.0
511,5000,200,g,0.9,1.0
512,5000,200,g,0.95,1.0
513,10000,50,t,0.05,1.0
514,10000,50,t,0.1,1.0
515,10000,50,t,0.15,1.0
516,10000,50,t,0.2,1.0
517,10000,50,t,0.25,1.0
518,10000,50,t,0.3,0.7871
519,10000,50,t,0.35,0.429
520,10000,50,t,0.4,0.7871
521,10000,50,t,0.45,0.57
522,10000,50,t,0.5,0.57
523,10000,50,t,0.55,0.57
524,10000,50,t,0.6,0.5423
525,10000,50,t,0.65,0.6716
526,10000,50,t,0.7,0.6716
527,10000,50,t,0.75,0.6716
528,10000,50,t,0.8,0.6234
529,10000,50,t,0.85,0.6716
530,10000,50,t,0.9,0.6234
531,10000,50,t,0.95,0.6234
532,10000,50,e,0.05,1.0
533,10000,50,e,0.1,1.0
534,10000,50,e,0.15,1.0
535,10000,50,e,0.2,1.0
536,10000,50,e,0.25,0.7871
537,10000,50,e,0.3,1.0
538,10000,50,e,0.35,0.559
539,10000,50,e,0.4,0.57
540,10000,50,e,0.45,0.5423
541,10000,50,e,0.5,0.6716
542,10000,50,e,0.55,0.6234
543,10000,50,e,0.6,0.6234
544,10000,50,e,0.65,0.6234
545,10000,50,e,0.7,0.6234
546,10000,50,e,0.75,0.6716
547,10000,50,e,0.8,0.5322
548,10000,50,e,0.85,0.6716
549,10000,50,e,0.9,0.6716
550,10000,50,e,0.95,0.7105
551,10000,50,g,0.05,1.0
552,10000,50,g,0.1,0.429
553,10000,50,g,0.15,0.3539
554,10000,50,g,0.2,0.6716
555,10000,50,g,0.25,0.6716
556,10000,50,g,0.3,0.6716
557,10000,50,g,0.35,0.6234
558,10000,50,g,0.4,0.6234
559,10000,50,g,0.45,0.6234
560,10000,50,g,0.5,0.6234
561,10000,50,g,0.55,0.6234
562,10000,50,g,0.6,0.6716
563,10000,50,g,0.65,0.6716
564,10000,50,g,0.7,0.5322
565,10000,50,g,0.75,0.429
566,10000,50,g,0.8,0.6466
567,10000,50,g,0.85,0.6466
568,10000,50,g,0.9,0.6716
569,10000,50,g,0.95,0.6466
570,10000,100,t,0.05,1.0
571,10000,100,t,0.1,1.0
572,10000,100,t,0.15,1.0
573,10000,100,t,0.2,1.0
574,10000,100,t,0.25,1.0
575,10000,100,t,0.3,1.0
576,10000,100,t,0.35,1.0
577,10000,100,t,0.4,1.0
578,10000,100,t,0.45,1.0
579,10000,100,t,0.5,1.0
580,10000,100,t,0.55,1.0
581,10000,100,t,0.6,1.0
582,10000,100,t,0.65,1.0
583,10000,100,t,0.7,1.0
584,10000,100,t,0.75,1.0
585,10000,100,t,0.8,1.0
586,10000,100,t,0.85,1.0
587,10000,100,t,0.9,1.0
588,10000,100,t,0.95,1.0
589,10000,100,e,0.05,1.0
590,10000,100,e,0.1,1.0
591,10000,100,e,0.15,1.0
592,10000,100,e,0.2,1.0
593,10000,100,e,0.25,1.0
594,10000,100,e,0.3,1.0
595,10000,100,e,0.35,1.0
596,10000,100,e,0.4,1.0
597,10000,100,e,0.45,1.0
598,10000,100,e,0.5,1.0
599,10000,100,e,0.55,1.0
600,10000,100,e,0.6,1.0
601,10000,100,e,0.65,1.0
602,10000,100,e,0.7,1.0
603,10000,100,e,0.75,1.0
604,10000,100,e,0.8,1.0
605,10000,100,e,0.85,1.0
606,10000,100,e,0.9,1.0
607,10000,100,e,0.95,1.0
608,10000,100,g,0.05,1.0
609,10000,100,g,0.1,1.0
610,10000,100,g,0.15,1.0
611,10000,100,g,0.2,1.0
612,10000,100,g,0.25,1.0
613,10000,100,g,0.3,1.0
614,10000,100,g,0.35,1.0
615,10000,100,g,0.4,1.0
616,10000,100,g,0.45,1.0
617,10000,100,g,0.5,1.0
618,10000,100,g,0.55,1.0
619,10000,100,g,0.6,1.0
620,10000,100,g,0.65,1.0
621,10000,100,g,0.7,1.0
622,10000,100,g,0.75,1.0
623,10000,100,g,0.8,1.0
624,10000,100,g,0.85,1.0
625,10000,100,g,0.9,1.0
626,10000,100,g,0.95,1.0
627,10000,200,t,0.05,1.0
628,10000,200,t,0.1,1.0
629,10000,200,t,0.15,1.0
630,10000,200,t,0.2,1.0
631,10000,200,t,0.25,1.0
632,10000,200,t,0.3,1.0
633,10000,200,t,0.35,1.0
634,10000,200,t,0.4,1.0
635,10000,200,t,0.45,1.0
636,10000,200,t,0.5,1.0
637,10000,200,t,0.55,1.0
638,10000,200,t,0.6,1.0
639,10000,200,t,0.65,1.0
640,10000,200,t,0.7,1.0
641,10000,200,t,0.75,1.0
642,10000,200,t,0.8,1.0
643,10000,200,t,0.85,1.0
644,10000,200,t,0.9,1.0
645,10000,200,t,0.95,1.0
646,10000,200,e,0.05,1.0
647,10000,200,e,0.1,1.0
648,10000,200,e,0.15,1.0
649,10000,200,e,0.2,1.0
650,10000,200,e,0.25,1.0
651,10000,200,e,0.3,1.0
652,10000,200,e,0.35,1.0
653,10000,200,e,0.4,1.0
654,10000,200,e,0.45,1.0
655,10000,200,e,0.5,1.0
656,10000,200,e,0.55,1.0
657,10000,200,e,0.6,1.0
658,10000,200,e,0.65,1.0
659,10000,200,e,0.7,1.0
660,10000,200,e,0.75,1.0
661,10000,200,e,0.8,1.0
662,10000,200,e,0.85,1.0
663,10000,200,e,0.9,1.0
664,10000,200,e,0.95,1.0
665,10000,200,g,0.05,1.0
666,10000,200,g,0.1,1.0
667,10000,200,g,0.15,1.0
668,10000,200,g,0.2,1.0
669,10000,200,g,0.25,1.0
670,10000,200,g,0.3,1.0
671,10000,200,g,0.35,1.0
672,10000,200,g,0.4,1.0
673,10000,200,g,0.45,1.0
674,10000,200,g,0.5,1.0
675,10000,200,g,0.55,1.0
676,10000,200,g,0.6,1.0
677,10000,200,g,0.65,1.0
678,10000,200,g,0.7,1.0
679,10000,200,g,0.75,1.0
680,10000,200,g,0.8,1.0
681,10000,200,g,0.85,1.0
682,10000,200,g,0.9,1.0
683,10000,200,g,0.95,1.0
684,20000,50,t,0.05,0.63555
685,20000,50,t,0.1,0.63555
686,20000,50,t,0.15,0.66855
687,20000,50,t,0.2,0.66855
688,20000,50,t,0.25,0.66855
689,20000,50,t,0.3,0.66855
690,20000,50,t,0.35,0.66855
691,20000,50,t,0.4,0.66855
692,20000,50,t,0.45,0.66855
693,20000,50,t,0.5,0.66855
694,20000,50,t,0.55,0.66855
695,20000,50,t,0.6,0.66855
696,20000,50,t,0.65,0.66855
697,20000,50,t,0.7,0.66855
698,20000,50,t,0.75,0.66855
699,20000,50,t,0.8,0.66855
700,20000,50,t,0.85,0.66855
701,20000,50,t,0.9,0.66855
702,20000,50,t,0.95,0.66855
703,20000,50,e,0.05,0.63555
704,20000,50,e,0.1,0.6691
705,20000,50,e,0.15,0.66855
706,20000,50,e,0.2,0.66855
707,20000,50,e,0.25,0.66855
708,20000,50,e,0.3,0.66855
709,20000,50,e,0.35,0.66855
710,20000,50,e,0.4,0.66855
711,20000,50,e,0.45,0.66855
712,20000,50,e,0.5,0.66855
713,20000,50,e,0.55,0.66855
714,20000,50,e,0.6,0.66855
715,20000,50,e,0.65,0.66855
716,20000,50,e,0.7,0.66855
717,20000,50,e,0.75,0.66855
718,20000,50,e,0.8,0.66855
719,20000,50,e,0.85,0.66855
720,20000,50,e,0.9,0.66855
721,20000,50,e,0.95,0.66855
722,20000,50,g,0.05,0.66855
723,20000,50,g,0.1,0.66855
724,20000,50,g,0.15,0.66855
725,20000,50,g,0.2,0.66855
726,20000,50,g,0.25,0.66855
727,20000,50,g,0.3,0.66855
728,20000,50,g,0.35,0.66855
729,20000,50,g,0.4,0.66855
730,20000,50,g,0.45,0.66855
731,20000,50,g,0.5,0.66855
732,20000,50,g,0.55,0.66855
733,20000,50,g,0.6,0.66855
734,20000,50,g,0.65,0.66855
735,20000,50,g,0.7,0.66855
736,20000,50,g,0.75,0.66855
737,20000,50,g,0.8,0.66855
738,20000,50,g,0.85,0.66855
739,20000,50,g,0.9,0.66855
740,20000,50,g,0.95,0.66855
741,20000,100,t,0.05,1.0
742,20000,100,t,0.1,1.0
743,20000,100,t,0.15,1.0
744,20000,100,t,0.2,1.0
745,20000,100,t,0.25,1.0
746,20000,100,t,0.3,1.0
747,20000,100,t,0.35,1.0
748,20000,100,t,0.4,1.0
749,20000,100,t,0.45,1.0
750,20000,100,t,0.5,1.0
751,20000,100,t,0.55,1.0
752,20000,100,t,0.6,1.0
753,20000,100,t,0.65,1.0
754,20000,100,t,0.7,1.0
755,20000,100,t,0.75,1.0
756,20000,100,t,0.8,1.0
757,20000,100,t,0.85,1.0
758,20000,100,t,0.9,1.0
759,20000,100,t,0.95,1.0
760,20000,100,e,0.05,1.0
761,20000,100,e,0.1,1.0
762,20000,100,e,0.15,1.0
763,20000,100,e,0.2,1.0
764,20000,100,e,0.25,1.0
765,20000,100,e,0.3,1.0
766,20000,100,e,0.35,1.0
767,20000,100,e,0.4,1.0
768,20000,100,e,0.45,1.0
769,20000,100,e,0.5,1.0
770,20000,100,e,0.55,1.0
771,20000,100,e,0.6,1.0
772,20000,100,e,0.65,1.0
773,20000,100,e,0.7,1.0
774,20000,100,e,0.75,1.0
775,20000,100,e,0.8,1.0
776,20000,100,e,0.85,1.0
777,20000,100,e,0.9,1.0
778,20000,100,e,0.95,1.0
779,20000,100,g,0.05,1.0
780,20000,100,g,0.1,1.0
781,20000,100,g,0.15,1.0
782,20000,100,g,0.2,1.0
783,20000,100,g,0.25,1.0
784,20000,100,g,0.3,1.0
785,20000,100,g,0.35,1.0
786,20000,100,g,0.4,1.0
787,20000,100,g,0.45,1.0
788,20000,100,g,0.5,1.0
789,20000,100,g,0.55,1.0
790,20000,100,g,0.6,1.0
791,20000,100,g,0.65,1.0
792,20000,100,g,0.7,1.0
793,20000,100,g,0.75,1.0
794,20000,100,g,0.8,1.0
795,20000,100,g,0.85,1.0
796,20000,100,g,0.9,1.0
797,20000,100,g,0.95,1.0
798,20000,200,t,0.05,1.0
799,20000,200,t,0.1,1.0
800,20000,200,t,0.15,1.0
801,20000,200,t,0.2,1.0
802,20000,200,t,0.25,1.0
803,20000,200,t,0.3,1.0
804,20000,200,t,0.35,1.0
805,20000,200,t,0.4,1.0
806,20000,200,t,0.45,1.0
807,20000,200,t,0.5,1.0
808,20000,200,t,0.55,1.0
809,20000,200,t,0.6,1.0
810,20000,200,t,0.65,1.0
811,20000,200,t,0.7,1.0
812,20000,200,t,0.75,1.0
813,20000,200,t,0.8,1.0
814,20000,200,t,0.85,1.0
815,20000,200,t,0.9,1.0
816,20000,200,t,0.95,1.0
817,20000,200,e,0.05,1.0
818,20000,200,e,0.1,1.0
819,20000,200,e,0.15,1.0
820,20000,200,e,0.2,1.0
821,20000,200,e,0.25,1.0
822,20000,200,e,0.3,1.0
823,20000,200,e,0.35,1.0
824,20000,200,e,0.4,1.0
825,20000,200,e,0.45,1.0
826,20000,200,e,0.5,1.0
827,20000,200,e,0.55,1.0
828,20000,200,e,0.6,1.0
829,20000,200,e,0.65,1.0
830,20000,200,e,0.7,1.0
831,20000,200,e,0.75,1.0
832,20000,200,e,0.8,1.0
833,20000,200,e,0.85,1.0
834,20000,200,e,0.9,1.0
835,20000,200,e,0.95,1.0
836,20000,200,g,0.05,1.0
837,20000,200,g,0.1,1.0
838,20000,200,g,0.15,1.0
839,20000,200,g,0.2,1.0
840,20000,200,g,0.25,1.0
841,20000,200,g,0.3,1.0
842,20000,200,g,0.35,1.0
843,20000,200,g,0.4,1.0
844,20000,200,g,0.45,1.0
845,20000,200,g,0.5,1.0
846,20000,200,g,0.55,1.0
847,20000,200,g,0.6,1.0
848,20000,200,g,0.65,1.0
849,20000,200,g,0.7,1.0
850,20000,200,g,0.75,1.0
851,20000,200,g,0.8,1.0
852,20000,200,g,0.85,1.0
853,20000,200,g,0.9,1.0
854,20000,200,g,0.95,1.0
855,30000,50,t,0.05,1.0
856,30000,50,t,0.1,1.0
857,30000,50,t,0.15,0.5087333333333334
858,30000,50,t,0.2,1.0
859,30000,50,t,0.25,1.0
860,30000,50,t,0.3,0.6436
861,30000,50,t,0.35,0.6436
862,30000,50,t,0.4,0.6436
863,30000,50,t,0.45,0.6436
864,30000,50,t,0.5,0.6436
865,30000,50,t,0.55,0.6436
866,30000,50,t,0.6,0.6436
867,30000,50,t,0.65,0.6436
868,30000,50,t,0.7,0.6436
869,30000,50,t,0.75,0.6494333333333333
870,30000,50,t,0.8,0.5932
871,30000,50,t,0.85,0.5923333333333334
872,30000,50,t,0.9,0.5923333333333334
873,30000,50,t,0.95,0.6436
874,30000,50,e,0.05,1.0
875,30000,50,e,0.1,1.0
876,30000,50,e,0.15,1.0
877,30000,50,e,0.2,1.0
878,30000,50,e,0.25,0.5087333333333334
879,30000,50,e,0.3,0.6436
880,30000,50,e,0.35,0.6436
881,30000,50,e,0.4,0.6436
882,30000,50,e,0.45,0.6436
883,30000,50,e,0.5,0.6436
884,30000,50,e,0.55,0.5932
885,30000,50,e,0.6,0.5923333333333334
886,30000,50,e,0.65,0.6436
887,30000,50,e,0.7,0.6436
888,30000,50,e,0.75,0.6436
889,30000,50,e,0.8,0.6436
890,30000,50,e,0.85,0.6436
891,30000,50,e,0.9,0.6436
892,30000,50,e,0.95,0.6436
893,30000,50,g,0.05,0.6436
894,30000,50,g,0.1,0.6436
895,30000,50,g,0.15,0.6436
896,30000,50,g,0.2,0.6436
897,30000,50,g,0.25,0.6494333333333333
898,30000,50,g,0.3,0.5923333333333334
899,30000,50,g,0.35,0.5923333333333334
900,30000,50,g,0.4,0.6436
901,30000,50,g,0.45,0.6436
902,30000,50,g,0.5,0.6436
903,30000,50,g,0.55,0.6436
904,30000,50,g,0.6,0.6494333333333333
905,30000,50,g,0.65,0.6436
906,30000,50,g,0.7,0.6436
907,30000,50,g,0.75,0.6436
908,30000,50,g,0.8,0.6436
909,30000,50,g,0.85,0.6436
910,30000,50,g,0.9,0.6436
911,30000,50,g,0.95,0.6436
912,30000,100,t,0.05,1.0
913,30000,100,t,0.1,1.0
914,30000,100,t,0.15,1.0
915,30000,100,t,0.2,1.0
916,30000,100,t,0.25,1.0
917,30000,100,t,0.3,1.0
918,30000,100,t,0.35,1.0
919,30000,100,t,0.4,1.0
920,30000,100,t,0.45,1.0
921,30000,100,t,0.5,1.0
922,30000,100,t,0.55,1.0
923,30000,100,t,0.6,1.0
924,30000,100,t,0.65,1.0
925,30000,100,t,0.7,1.0
926,30000,100,t,0.75,0.6811666666666667
927,30000,100,t,0.8,1.0
928,30000,100,t,0.85,1.0
929,30000,100,t,0.9,1.0
930,30000,100,t,0.95,1.0
931,30000,100,e,0.05,1.0
932,30000,100,e,0.1,1.0
933,30000,100,e,0.15,1.0
934,30000,100,e,0.2,1.0
935,30000,100,e,0.25,1.0
936,30000,100,e,0.3,1.0
937,30000,100,e,0.35,1.0
938,30000,100,e,0.4,1.0
939,30000,100,e,0.45,1.0
940,30000,100,e,0.5,1.0
941,30000,100,e,0.55,1.0
942,30000,100,e,0.6,1.0
943,30000,100,e,0.65,1.0
944,30000,100,e,0.7,1.0
945,30000,100,e,0.75,0.6811666666666667
946,30000,100,e,0.8,0.6811666666666667
947,30000,100,e,0.85,0.6811666666666667
948,30000,100,e,0.9,1.0
949,30000,100,e,0.95,0.9811666666666666
950,30000,100,g,0.05,1.0
951,30000,100,g,0.1,1.0
952,30000,100,g,0.15,1.0
953,30000,100,g,0.2,1.0
954,30000,100,g,0.25,0.6811666666666667
955,30000,100,g,0.3,1.0
956,30000,100,g,0.35,1.0
957,30000,100,g,0.4,1.0
958,30000,100,g,0.45,1.0
959,30000,100,g,0.5,1.0
960,30000,100,g,0.55,0.6811666666666667
961,30000,100,g,0.6,0.6811666666666667
962,30000,100,g,0.65,0.9811666666666666
963,30000,100,g,0.7,0.9811666666666666
964,30000,100,g,0.75,0.6811666666666667
965,30000,100,g,0.8,1.0
966,30000,100,g,0.85,0.6811666666666667
967,30000,100,g,0.9,1.0
968,30000,100,g,0.95,1.0
969,30000,200,t,0.05,1.0
970,30000,200,t,0.1,1.0
971,30000,200,t,0.15,1.0
972,30000,200,t,0.2,1.0
973,30000,200,t,0.25,1.0
974,30000,200,t,0.3,1.0
975,30000,200,t,0.35,1.0
976,30000,200,t,0.4,1.0
977,30000,200,t,0.45,1.0
978,30000,200,t,0.5,1.0
979,30000,200,t,0.55,1.0
980,30000,200,t,0.6,1.0
981,30000,200,t,0.65,1.0
982,30000,200,t,0.7,1.0
983,30000,200,t,0.75,1.0
984,30000,200,t,0.8,1.0
985,30000,200,t,0.85,1.0
986,30000,200,t,0.9,1.0
987,30000,200,t,0.95,1.0
988,30000,200,e,0.05,1.0
989,30000,200,e,0.1,1.0
990,30000,200,e,0.15,1.0
991,30000,200,e,0.2,1.0
992,30000,200,e,0.25,1.0
993,30000,200,e,0.3,1.0
994,30000,200,e,0.35,1.0
995,30000,200,e,0.4,1.0
996,30000,200,e,0.45,1.0
997,30000,200,e,0.5,1.0
998,30000,200,e,0.55,1.0
999,30000,200,e,0.6,1.0
1000,30000,200,e,0.65,1.0
1001,30000,200,e,0.7,1.0
1002,30000,200,e,0.75,1.0
1003,30000,200,e,0.8,1.0
1004,30000,200,e,0.85,1.0
1005,30000,200,e,0.9,1.0
1006,30000,200,e,0.95,1.0
1007,30000,200,g,0.05,1.0
1008,30000,200,g,0.1,1.0
1009,30000,200,g,0.15,1.0
1010,30000,200,g,0.2,1.0
1011,30000,200,g,0.25,1.0
1012,30000,200,g,0.3,1.0
1013,30000,200,g,0.35,1.0
1014,30000,200,g,0.4,1.0
1015,30000,200,g,0.45,1.0
1016,30000,200,g,0.5,1.0
1017,30000,200,g,0.55,1.0
1018,30000,200,g,0.6,1.0
1019,30000,200,g,0.65,1.0
1020,30000,200,g,0.7,1.0
1021,30000,200,g,0.75,1.0
1022,30000,200,g,0.8,1.0
1023,30000,200,g,0.85,1.0
1024,30000,200,g,0.9,1.0
1025,30000,200,g,0.95,1.0
1026,40000,50,t,0.05,0.3688
1027,40000,50,t,0.1,0.3688
1028,40000,50,t,0.15,0.642925
1029,40000,50,t,0.2,0.65975
1030,40000,50,t,0.25,0.671475
1031,40000,50,t,0.3,0.671475
1032,40000,50,t,0.35,0.642925
1033,40000,50,t,0.4,0.65975
1034,40000,50,t,0.45,0.644525
1035,40000,50,t,0.5,0.644525
1036,40000,50,t,0.55,0.642925
1037,40000,50,t,0.6,0.642925
1038,40000,50,t,0.65,0.642925
1039,40000,50,t,0.7,0.642925
1040,40000,50,t,0.75,0.671475
1041,40000,50,t,0.8,0.642925
1042,40000,50,t,0.85,0.642925
1043,40000,50,t,0.9,0.671475
1044,40000,50,t,0.95,0.671475
1045,40000,50,e,0.05,0.3688
1046,40000,50,e,0.1,0.3688
1047,40000,50,e,0.15,0.642925
1048,40000,50,e,0.2,0.671475
1049,40000,50,e,0.25,0.671475
1050,40000,50,e,0.3,0.642925
1051,40000,50,e,0.35,0.644525
1052,40000,50,e,0.4,0.671475
1053,40000,50,e,0.45,0.642925
1054,40000,50,e,0.5,0.642925
1055,40000,50,e,0.55,0.642925
1056,40000,50,e,0.6,0.671475
1057,40000,50,e,0.65,0.644525
1058,40000,50,e,0.7,0.65975
1059,40000,50,e,0.75,0.627675
1060,40000,50,e,0.8,0.673725
1061,40000,50,e,0.85,0.673725
1062,40000,50,e,0.9,0.644525
1063,40000,50,e,0.95,0.646775
1064,40000,50,g,0.05,0.642925
1065,40000,50,g,0.1,0.644525
1066,40000,50,g,0.15,0.642925
1067,40000,50,g,0.2,0.642925
1068,40000,50,g,0.25,0.671475
1069,40000,50,g,0.3,0.642925
1070,40000,50,g,0.35,0.671475
1071,40000,50,g,0.4,0.642925
1072,40000,50,g,0.45,0.644525
1073,40000,50,g,0.5,0.644525
1074,40000,50,g,0.55,0.627675
1075,40000,50,g,0.6,0.627675
1076,40000,50,g,0.65,0.644525
1077,40000,50,g,0.7,0.673725
1078,40000,50,g,0.75,0.673725
1079,40000,50,g,0.8,0.673725
1080,40000,50,g,0.85,0.673725
1081,40000,50,g,0.9,0.60265
1082,40000,50,g,0.95,0.479875
1083,40000,100,t,0.05,1.0
1084,40000,100,t,0.1,1.0
1085,40000,100,t,0.15,1.0
1086,40000,100,t,0.2,1.0
1087,40000,100,t,0.25,1.0
1088,40000,100,t,0.3,1.0
1089,40000,100,t,0.35,1.0
1090,40000,100,t,0.4,1.0
1091,40000,100,t,0.45,1.0
1092,40000,100,t,0.5,1.0
1093,40000,100,t,0.55,1.0
1094,40000,100,t,0.6,1.0
1095,40000,100,t,0.65,1.0
1096,40000,100,t,0.7,1.0
1097,40000,100,t,0.75,1.0
1098,40000,100,t,0.8,1.0
1099,40000,100,t,0.85,1.0
1100,40000,100,t,0.9,1.0
1101,40000,100,t,0.95,1.0
1102,40000,100,e,0.05,1.0
1103,40000,100,e,0.1,1.0
1104,40000,100,e,0.15,1.0
1105,40000,100,e,0.2,1.0
1106,40000,100,e,0.25,1.0
1107,40000,100,e,0.3,1.0
1108,40000,100,e,0.35,1.0
1109,40000,100,e,0.4,1.0
1110,40000,100,e,0.45,1.0
1111,40000,100,e,0.5,1.0
1112,40000,100,e,0.55,1.0
1113,40000,100,e,0.6,1.0
1114,40000,100,e,0.65,1.0
1115,40000,100,e,0.7,1.0
1116,40000,100,e,0.75,1.0
1117,40000,100,e,0.8,1.0
1118,40000,100,e,0.85,1.0
1119,40000,100,e,0.9,1.0
1120,40000,100,e,0.95,1.0
1121,40000,100,g,0.05,1.0
1122,40000,100,g,0.1,1.0
1123,40000,100,g,0.15,1.0
1124,40000,100,g,0.2,1.0
1125,40000,100,g,0.25,1.0
1126,40000,100,g,0.3,1.0
1127,40000,100,g,0.35,1.0
1128,40000,100,g,0.4,1.0
1129,40000,100,g,0.45,1.0
1130,40000,100,g,0.5,1.0
1131,40000,100,g,0.55,1.0
1132,40000,100,g,0.6,1.0
1133,40000,100,g,0.65,1.0
1134,40000,100,g,0.7,1.0
1135,40000,100,g,0.75,1.0
1136,40000,100,g,0.8,1.0
1137,40000,100,g,0.85,1.0
1138,40000,100,g,0.9,1.0
1139,40000,100,g,0.95,1.0
1140,40000,200,t,0.05,1.0
1141,40000,200,t,0.1,1.0
1142,40000,200,t,0.15,1.0
1143,40000,200,t,0.2,1.0
1144,40000,200,t,0.25,1.0
1145,40000,200,t,0.3,1.0
1146,40000,200,t,0.35,1.0
1147,40000,200,t,0.4,1.0
1148,40000,200,t,0.45,1.0
1149,40000,200,t,0.5,1.0
1150,40000,200,t,0.55,1.0
1151,40000,200,t,0.6,1.0
1152,40000,200,t,0.65,1.0
1153,40000,200,t,0.7,1.0
1154,40000,200,t,0.75,1.0
1155,40000,200,t,0.8,1.0
1156,40000,200,t,0.85,1.0
1157,40000,200,t,0.9,1.0
1158,40000,200,t,0.95,1.0
1159,40000,200,e,0.05,1.0
1160,40000,200,e,0.1,1.0
1161,40000,200,e,0.15,1.0
1162,40000,200,e,0.2,1.0
1163,40000,200,e,0.25,1.0
1164,40000,200,e,0.3,1.0
1165,40000,200,e,0.35,1.0
1166,40000,200,e,0.4,1.0
1167,40000,200,e,0.45,1.0
1168,40000,200,e,0.5,1.0
1169,40000,200,e,0.55,1.0
1170,40000,200,e,0.6,1.0
1171,40000,200,e,0.65,1.0
1172,40000,200,e,0.7,1.0
1173,40000,200,e,0.75,1.0
1174,40000,200,e,0.8,1.0
1175,40000,200,e,0.85,1.0
1176,40000,200,e,0.9,1.0
1177,40000,200,e,0.95,1.0
1178,40000,200,g,0.05,1.0
1179,40000,200,g,0.1,1.0
1180,40000,200,g,0.15,1.0
1181,40000,200,g,0.2,1.0
1182,40000,200,g,0.25,1.0
1183,40000,200,g,0.3,1.0
1184,40000,200,g,0.35,1.0
1185,40000,200,g,0.4,1.0
1186,40000,200,g,0.45,1.0
1187,40000,200,g,0.5,1.0
1188,40000,200,g,0.55,1.0
1189,40000,200,g,0.6,1.0
1190,40000,200,g,0.65,1.0
1191,40000,200,g,0.7,1.0
1192,40000,200,g,0.75,1.0
1193,40000,200,g,0.8,1.0
1194,40000,200,g,0.85,1.0
1195,40000,200,g,0.9,1.0
1196,40000,200,g,0.95,1.0
1197,50000,50,t,0.05,0.67196
1198,50000,50,t,0.1,1.0
1199,50000,50,t,0.15,1.0
1200,50000,50,t,0.2,1.0
1201,50000,50,t,0.25,1.0
1202,50000,50,t,0.3,0.47498
1203,50000,50,t,0.35,0.6432
1204,50000,50,t,0.4,0.41858
1205,50000,50,t,0.45,0.6436
1206,50000,50,t,0.5,0.6436
1207,50000,50,t,0.55,0.61518
1208,50000,50,t,0.6,0.61518
1209,50000,50,t,0.65,0.6432
1210,50000,50,t,0.7,0.61518
1211,50000,50,t,0.75,0.61518
1212,50000,50,t,0.8,0.67496
1213,50000,50,t,0.85,0.47498
1214,50000,50,t,0.9,0.6436
1215,50000,50,t,0.95,0.61518
1216,50000,50,e,0.05,0.67196
1217,50000,50,e,0.1,1.0
1218,50000,50,e,0.15,0.6432
1219,50000,50,e,0.2,1.0
1220,50000,50,e,0.25,0.47498
1221,50000,50,e,0.3,0.6432
1222,50000,50,e,0.35,0.41858
1223,50000,50,e,0.4,0.6436
1224,50000,50,e,0.45,0.61518
1225,50000,50,e,0.5,0.61518
1226,50000,50,e,0.55,0.67496
1227,50000,50,e,0.6,0.6436
1228,50000,50,e,0.65,0.61518
1229,50000,50,e,0.7,0.61518
1230,50000,50,e,0.75,0.56344
1231,50000,50,e,0.8,0.67496
1232,50000,50,e,0.85,0.41798
1233,50000,50,e,0.9,0.61518
1234,50000,50,e,0.95,0.61518
1235,50000,50,g,0.05,0.41858
1236,50000,50,g,0.1,0.6436
1237,50000,50,g,0.15,0.61518
1238,50000,50,g,0.2,0.6432
1239,50000,50,g,0.25,0.61518
1240,50000,50,g,0.3,0.67496
1241,50000,50,g,0.35,0.6436
1242,50000,50,g,0.4,0.61518
1243,50000,50,g,0.45,0.61518
1244,50000,50,g,0.5,0.61518
1245,50000,50,g,0.55,0.56344
1246,50000,50,g,0.6,0.56344
1247,50000,50,g,0.65,0.56344
1248,50000,50,g,0.7,0.67496
1249,50000,50,g,0.75,0.67496
1250,50000,50,g,0.8,0.59022
1251,50000,50,g,0.85,0.41798
1252,50000,50,g,0.9,0.61518
1253,50000,50,g,0.95,0.41798
1254,50000,100,t,0.05,1.0
1255,50000,100,t,0.1,1.0
1256,50000,100,t,0.15,1.0
1257,50000,100,t,0.2,1.0
1258,50000,100,t,0.25,1.0
1259,50000,100,t,0.3,1.0
1260,50000,100,t,0.35,1.0
1261,50000,100,t,0.4,1.0
1262,50000,100,t,0.45,1.0
1263,50000,100,t,0.5,1.0
1264,50000,100,t,0.55,1.0
1265,50000,100,t,0.6,1.0
1266,50000,100,t,0.65,1.0
1267,50000,100,t,0.7,1.0
1268,50000,100,t,0.75,1.0
1269,50000,100,t,0.8,1.0
1270,50000,100,t,0.85,1.0
1271,50000,100,t,0.9,1.0
1272,50000,100,t,0.95,1.0
1273,50000,100,e,0.05,1.0
1274,50000,100,e,0.1,1.0
1275,50000,100,e,0.15,1.0
1276,50000,100,e,0.2,1.0
1277,50000,100,e,0.25,1.0
1278,50000,100,e,0.3,1.0
1279,50000,100,e,0.35,1.0
1280,50000,100,e,0.4,1.0
1281,50000,100,e,0.45,1.0
1282,50000,100,e,0.5,1.0
1283,50000,100,e,0.55,1.0
1284,50000,100,e,0.6,1.0
1285,50000,100,e,0.65,1.0
1286,50000,100,e,0.7,1.0
1287,50000,100,e,0.75,1.0
1288,50000,100,e,0.8,1.0
1289,50000,100,e,0.85,1.0
1290,50000,100,e,0.9,1.0
1291,50000,100,e,0.95,0.64146
1292,50000,100,g,0.05,1.0
1293,50000,100,g,0.1,1.0
1294,50000,100,g,0.15,1.0
1295,50000,100,g,0.2,1.0
1296,50000,100,g,0.25,1.0
1297,50000,100,g,0.3,1.0
1298,50000,100,g,0.35,1.0
1299,50000,100,g,0.4,1.0
1300,50000,100,g,0.45,1.0
1301,50000,100,g,0.5,1.0
1302,50000,100,g,0.55,1.0
1303,50000,100,g,0.6,1.0
1304,50000,100,g,0.65,1.0
1305,50000,100,g,0.7,1.0
1306,50000,100,g,0.75,1.0
1307,50000,100,g,0.8,1.0
1308,50000,100,g,0.85,1.0
1309,50000,100,g,0.9,1.0
1310,50000,100,g,0.95,0.71078
1311,50000,200,t,0.05,1.0
1312,50000,200,t,0.1,1.0
1313,50000,200,t,0.15,1.0
1314,50000,200,t,0.2,1.0
1315,50000,200,t,0.25,1.0
1316,50000,200,t,0.3,1.0
1317,50000,200,t,0.35,1.0
1318,50000,200,t,0.4,1.0
1319,50000,200,t,0.45,1.0
1320,50000,200,t,0.5,1.0
1321,50000,200,t,0.55,1.0
1322,50000,200,t,0.6,1.0
1323,50000,200,t,0.65,1.0
1324,50000,200,t,0.7,1.0
1325,50000,200,t,0.75,1.0
1326,50000,200,t,0.8,1.0
1327,50000,200,t,0.85,1.0
1328,50000,200,t,0.9,1.0
1329,50000,200,t,0.95,1.0
1330,50000,200,e,0.05,1.0
1331,50000,200,e,0.1,1.0
1332,50000,200,e,0.15,1.0
1333,50000,200,e,0.2,1.0
1334,50000,200,e,0.25,1.0
1335,50000,200,e,0.3,1.0
1336,50000,200,e,0.35,1.0
1337,50000,200,e,0.4,1.0
1338,50000,200,e,0.45,1.0
1339,50000,200,e,0.5,1.0
1340,50000,200,e,0.55,1.0
1341,50000,200,e,0.6,1.0
1342,50000,200,e,0.65,1.0
1343,50000,200,e,0.7,1.0
1344,50000,200,e,0.75,1.0
1345,50000,200,e,0.8,1.0
1346,50000,200,e,0.85,1.0
1347,50000,200,e,0.9,1.0
1348,50000,200,e,0.95,1.0
1349,50000,200,g,0.05,1.0
1350,50000,200,g,0.1,1.0
1351,50000,200,g,0.15,1.0
1352,50000,200,g,0.2,1.0
1353,50000,200,g,0.25,1.0
1354,50000,200,g,0.3,1.0
1355,50000,200,g,0.35,1.0
1356,50000,200,g,0.4,1.0
1357,50000,200,g,0.45,1.0
1358,50000,200,g,0.5,1.0
1359,50000,200,g,0.55,1.0
1360,50000,200,g,0.6,1.0
1361,50000,200,g,0.65,1.0
1362,50000,200,g,0.7,1.0
1363,50000,200,g,0.75,1.0
1364,50000,200,g,0.8,1.0
1365,50000,200,g,0.85,1.0
1366,50000,200,g,0.9,1.0
1367,50000,200,g,0.95,1.0
