,data size,granules number,relation type,ksi,accuracy,recall,precision
0,1000,50,t,0.05,0.407,0.46125,0.353997353997354
1,1000,50,t,0.1,0.407,0.46125,0.353997353997354
2,1000,50,t,0.15,0.407,0.46125,0.353997353997354
3,1000,50,t,0.2,0.407,0.46125,0.353997353997354
4,1000,50,t,0.25,0.445,0.4770833333333333,0.3350553187825563
5,1000,50,t,0.3,0.445,0.4770833333333333,0.3350553187825563
6,1000,50,t,0.35,0.379,0.4495833333333333,0.33620910709621143
7,1000,50,t,0.4,0.379,0.4495833333333333,0.33620910709621143
8,1000,50,t,0.45,0.487,0.4945833333333334,0.35035714912511623
9,1000,50,t,0.5,0.487,0.4945833333333334,0.35035714912511623
10,1000,50,t,0.55,0.379,0.4495833333333333,0.33620910709621143
11,1000,50,t,0.6,0.379,0.4495833333333333,0.33620910709621143
12,1000,50,t,0.65,0.379,0.4495833333333333,0.33620910709621143
13,1000,50,t,0.7,0.379,0.4495833333333333,0.33620910709621143
14,1000,50,t,0.75,0.379,0.4495833333333333,0.33620910709621143
15,1000,50,t,0.8,0.379,0.4495833333333333,0.33620910709621143
16,1000,50,t,0.85,0.379,0.4495833333333333,0.33620910709621143
17,1000,50,t,0.9,0.487,0.4945833333333334,0.35035714912511623
18,1000,50,t,0.95,0.487,0.4945833333333334,0.35035714912511623
19,1000,50,e,0.05,0.407,0.46125,0.353997353997354
20,1000,50,e,0.1,0.407,0.46125,0.353997353997354
21,1000,50,e,0.15,0.407,0.46125,0.353997353997354
22,1000,50,e,0.2,0.407,0.46125,0.353997353997354
23,1000,50,e,0.25,0.445,0.4770833333333333,0.3350553187825563
24,1000,50,e,0.3,0.379,0.4495833333333333,0.33620910709621143
25,1000,50,e,0.35,0.487,0.4945833333333334,0.35035714912511623
26,1000,50,e,0.4,0.487,0.4945833333333334,0.35035714912511623
27,1000,50,e,0.45,0.379,0.4495833333333333,0.33620910709621143
28,1000,50,e,0.5,0.379,0.4495833333333333,0.33620910709621143
29,1000,50,e,0.55,0.379,0.4495833333333333,0.33620910709621143
30,1000,50,e,0.6,0.487,0.4945833333333334,0.35035714912511623
31,1000,50,e,0.65,0.487,0.4945833333333334,0.37826574846228705
32,1000,50,e,0.7,0.497,0.7904166666666667,0.5240808574141907
33,1000,50,e,0.75,0.39,0.45416666666666666,0.33604666938000277
34,1000,50,e,0.8,0.445,0.4770833333333333,0.3466103878088897
35,1000,50,e,0.85,0.39,0.45416666666666666,0.33604666938000277
36,1000,50,e,0.9,0.445,0.4770833333333333,0.3350553187825563
37,1000,50,e,0.95,0.39,0.45416666666666666,0.33604666938000277
38,1000,50,g,0.05,0.498,0.7908333333333334,0.5256410256410257
39,1000,50,g,0.1,0.487,0.4945833333333334,0.35035714912511623
40,1000,50,g,0.15,0.379,0.4495833333333333,0.33620910709621143
41,1000,50,g,0.2,0.379,0.4495833333333333,0.33620910709621143
42,1000,50,g,0.25,0.379,0.4495833333333333,0.33620910709621143
43,1000,50,g,0.3,0.379,0.4495833333333333,0.33620910709621143
44,1000,50,g,0.35,0.487,0.4945833333333334,0.35035714912511623
45,1000,50,g,0.4,0.487,0.4945833333333334,0.35035714912511623
46,1000,50,g,0.45,0.497,0.7904166666666667,0.5240808574141907
47,1000,50,g,0.5,0.497,0.7904166666666667,0.5240808574141907
48,1000,50,g,0.55,0.497,0.7904166666666667,0.5240808574141907
49,1000,50,g,0.6,0.39,0.45416666666666666,0.33604666938000277
50,1000,50,g,0.65,0.411,0.46291666666666664,0.3430568538665358
51,1000,50,g,0.7,0.497,0.7904166666666667,0.5240808574141907
52,1000,50,g,0.75,0.445,0.4770833333333333,0.3466103878088897
53,1000,50,g,0.8,0.445,0.4770833333333333,0.3466103878088897
54,1000,50,g,0.85,0.39,0.45416666666666666,0.33604666938000277
55,1000,50,g,0.9,0.445,0.4770833333333333,0.40994211780728634
56,1000,50,g,0.95,0.435,0.47291666666666665,0.36388611696295475
57,1000,100,t,0.05,0.447,0.4779166666666667,0.36292878448918714
58,1000,100,t,0.1,0.406,0.4608333333333334,0.35539819376026277
59,1000,100,t,0.15,0.406,0.4608333333333334,0.35539819376026277
60,1000,100,t,0.2,0.406,0.4608333333333334,0.35539819376026277
61,1000,100,t,0.25,0.406,0.4608333333333334,0.35539819376026277
62,1000,100,t,0.3,0.447,0.4779166666666667,0.36292878448918714
63,1000,100,t,0.35,0.434,0.4725,0.36952276810122625
64,1000,100,t,0.4,0.434,0.4725,0.36952276810122625
65,1000,100,t,0.45,0.434,0.4725,0.36952276810122625
66,1000,100,t,0.5,0.434,0.4725,0.36952276810122625
67,1000,100,t,0.55,0.434,0.4725,0.36952276810122625
68,1000,100,t,0.6,0.434,0.4725,0.36952276810122625
69,1000,100,t,0.65,0.434,0.4725,0.3386302240584777
70,1000,100,t,0.7,0.472,0.48833333333333334,0.36221435196896873
71,1000,100,t,0.75,0.434,0.4725,0.36952276810122625
72,1000,100,t,0.8,0.434,0.4725,0.36952276810122625
73,1000,100,t,0.85,0.434,0.4725,0.36952276810122625
74,1000,100,t,0.9,0.434,0.4725,0.36952276810122625
75,1000,100,t,0.95,0.434,0.4725,0.36952276810122625
76,1000,100,e,0.05,0.447,0.4779166666666667,0.36292878448918714
77,1000,100,e,0.1,0.406,0.4608333333333334,0.35539819376026277
78,1000,100,e,0.15,0.406,0.4608333333333334,0.35539819376026277
79,1000,100,e,0.2,0.406,0.4608333333333334,0.35539819376026277
80,1000,100,e,0.25,0.447,0.4779166666666667,0.36292878448918714
81,1000,100,e,0.3,0.434,0.4725,0.36952276810122625
82,1000,100,e,0.35,0.434,0.4725,0.36952276810122625
83,1000,100,e,0.4,0.434,0.4725,0.36952276810122625
84,1000,100,e,0.45,0.434,0.4725,0.36952276810122625
85,1000,100,e,0.5,0.472,0.48833333333333334,0.35207736932188244
86,1000,100,e,0.55,0.434,0.4725,0.36952276810122625
87,1000,100,e,0.6,0.434,0.4725,0.36952276810122625
88,1000,100,e,0.65,0.507,0.7945833333333333,0.5268655049151028
89,1000,100,e,0.7,0.434,0.4725,0.36952276810122625
90,1000,100,e,0.75,0.373,0.44708333333333333,0.3360488597257812
91,1000,100,e,0.8,0.434,0.4725,0.36952276810122625
92,1000,100,e,0.85,0.434,0.4725,0.3545676335050149
93,1000,100,e,0.9,0.434,0.4725,0.36952276810122625
94,1000,100,e,0.95,0.51,0.51,0.36364985034569325
95,1000,100,g,0.05,0.447,0.4779166666666667,0.36292878448918714
96,1000,100,g,0.1,0.434,0.4725,0.36952276810122625
97,1000,100,g,0.15,0.434,0.4725,0.3386302240584777
98,1000,100,g,0.2,0.434,0.4725,0.3386302240584777
99,1000,100,g,0.25,0.434,0.4725,0.36952276810122625
100,1000,100,g,0.3,0.434,0.4725,0.36952276810122625
101,1000,100,g,0.35,0.434,0.4725,0.36952276810122625
102,1000,100,g,0.4,0.427,0.4695833333333333,0.35943598750975797
103,1000,100,g,0.45,0.491,0.7879166666666667,0.5231898029134533
104,1000,100,g,0.5,0.434,0.4725,0.36952276810122625
105,1000,100,g,0.55,0.434,0.4725,0.3458939227338432
106,1000,100,g,0.6,0.543,0.8095833333333333,0.5384087149233698
107,1000,100,g,0.65,0.373,0.44708333333333333,0.3360488597257812
108,1000,100,g,0.7,0.472,0.48833333333333334,0.3547928957143303
109,1000,100,g,0.75,0.472,0.48833333333333334,0.36221435196896873
110,1000,100,g,0.8,0.434,0.4725,0.3545676335050149
111,1000,100,g,0.85,0.57,0.8208333333333333,0.5458301711780082
112,1000,100,g,0.9,0.472,0.48833333333333334,0.36221435196896873
113,1000,100,g,0.95,0.472,0.48833333333333334,0.38348481126668305
114,1000,200,t,0.05,0.392,0.455,0.33718820861678006
115,1000,200,t,0.1,0.435,0.47291666666666665,0.3455938697318008
116,1000,200,t,0.15,0.435,0.47291666666666665,0.37925400045075497
117,1000,200,t,0.2,0.435,0.47291666666666665,0.3455938697318008
118,1000,200,t,0.25,0.558,0.8158333333333333,0.54101966873706
119,1000,200,t,0.3,0.558,0.8158333333333333,0.54101966873706
120,1000,200,t,0.35,0.435,0.47291666666666665,0.3455938697318008
121,1000,200,t,0.4,0.408,0.46166666666666667,0.33666800053354673
122,1000,200,t,0.45,0.435,0.47291666666666665,0.3455938697318008
123,1000,200,t,0.5,0.392,0.455,0.33718820861678006
124,1000,200,t,0.55,0.558,0.8158333333333333,0.54101966873706
125,1000,200,t,0.6,0.447,0.4779166666666667,0.33831661265147833
126,1000,200,t,0.65,0.447,0.4779166666666667,0.33831661265147833
127,1000,200,t,0.7,0.435,0.47291666666666665,0.3602246495799719
128,1000,200,t,0.75,0.435,0.47291666666666665,0.35033793964440996
129,1000,200,t,0.8,0.524,0.8016666666666667,0.5311329588014981
130,1000,200,t,0.85,0.558,0.8158333333333333,0.54101966873706
131,1000,200,t,0.9,0.392,0.455,0.3518189884649512
132,1000,200,t,0.95,0.392,0.455,0.3518189884649512
133,1000,200,e,0.05,0.392,0.455,0.33718820861678006
134,1000,200,e,0.1,0.435,0.47291666666666665,0.3455938697318008
135,1000,200,e,0.15,0.435,0.47291666666666665,0.3455938697318008
136,1000,200,e,0.2,0.558,0.8158333333333333,0.54101966873706
137,1000,200,e,0.25,0.558,0.8158333333333333,0.54101966873706
138,1000,200,e,0.3,0.435,0.47291666666666665,0.3455938697318008
139,1000,200,e,0.35,0.435,0.47291666666666665,0.3455938697318008
140,1000,200,e,0.4,0.392,0.455,0.33718820861678006
141,1000,200,e,0.45,0.447,0.4779166666666667,0.33831661265147833
142,1000,200,e,0.5,0.435,0.47291666666666665,0.3602246495799719
143,1000,200,e,0.55,0.524,0.8016666666666667,0.5311329588014981
144,1000,200,e,0.6,0.392,0.455,0.3518189884649512
145,1000,200,e,0.65,0.392,0.455,0.33718820861678006
146,1000,200,e,0.7,0.435,0.47291666666666665,0.3404570746452569
147,1000,200,e,0.75,0.441,0.47541666666666665,0.34005207021080036
148,1000,200,e,0.8,0.408,0.46166666666666667,0.35580065359477125
149,1000,200,e,0.85,0.435,0.47291666666666665,0.3602246495799719
150,1000,200,e,0.9,0.392,0.455,0.3339891226413445
151,1000,200,e,0.95,0.513,0.7970833333333333,0.5283265213442325
152,1000,200,g,0.05,0.435,0.47291666666666665,0.3455938697318008
153,1000,200,g,0.1,0.435,0.47291666666666665,0.3455938697318008
154,1000,200,g,0.15,0.435,0.47291666666666665,0.3362594756718697
155,1000,200,g,0.2,0.441,0.47541666666666665,0.3361789160108488
156,1000,200,g,0.25,0.524,0.8016666666666667,0.5311329588014981
157,1000,200,g,0.3,0.408,0.46166666666666667,0.35580065359477125
158,1000,200,g,0.35,0.392,0.455,0.3518189884649512
159,1000,200,g,0.4,0.558,0.8158333333333333,0.54101966873706
160,1000,200,g,0.45,0.521,0.8004166666666667,0.5302236836763691
161,1000,200,g,0.5,0.488,0.7866666666666666,0.5211341905703923
162,1000,200,g,0.55,0.523,0.5095833333333334,0.37376513702995534
163,1000,200,g,0.6,0.408,0.46166666666666667,0.33666800053354673
164,1000,200,g,0.65,0.392,0.455,0.3339891226413445
165,1000,200,g,0.7,0.45,0.4791666666666667,0.36277892799631933
166,1000,200,g,0.75,0.408,0.46166666666666667,0.33666800053354673
167,1000,200,g,0.8,0.392,0.455,0.3518189884649512
168,1000,200,g,0.85,0.408,0.46166666666666667,0.3505459552762747
169,1000,200,g,0.9,0.435,0.47291666666666665,0.3602246495799719
170,1000,200,g,0.95,0.496,0.49833333333333335,0.35949971386404017
171,2000,50,t,0.05,0.413,0.46374999999999994,0.3579416718624688
172,2000,50,t,0.1,0.413,0.46374999999999994,0.3579416718624688
173,2000,50,t,0.15,0.413,0.46374999999999994,0.3579416718624688
174,2000,50,t,0.2,0.413,0.46374999999999994,0.3579416718624688
175,2000,50,t,0.25,0.413,0.46374999999999994,0.3579416718624688
176,2000,50,t,0.3,0.476,0.49,0.35488041370394313
177,2000,50,t,0.35,0.476,0.49,0.35488041370394313
178,2000,50,t,0.4,0.413,0.46374999999999994,0.3579416718624688
179,2000,50,t,0.45,0.476,0.49,0.35488041370394313
180,2000,50,t,0.5,0.461,0.48374999999999996,0.3643859265611775
181,2000,50,t,0.55,0.476,0.49,0.35488041370394313
182,2000,50,t,0.6,0.476,0.49,0.35488041370394313
183,2000,50,t,0.65,0.476,0.49,0.35488041370394313
184,2000,50,t,0.7,0.476,0.49,0.35488041370394313
185,2000,50,t,0.75,0.476,0.49,0.35488041370394313
186,2000,50,t,0.8,0.476,0.49,0.35488041370394313
187,2000,50,t,0.85,0.476,0.49,0.35488041370394313
188,2000,50,t,0.9,0.476,0.49,0.35488041370394313
189,2000,50,t,0.95,0.476,0.49,0.35488041370394313
190,2000,50,e,0.05,0.413,0.46374999999999994,0.3579416718624688
191,2000,50,e,0.1,0.413,0.46374999999999994,0.3579416718624688
192,2000,50,e,0.15,0.413,0.46374999999999994,0.3579416718624688
193,2000,50,e,0.2,0.413,0.46374999999999994,0.3579416718624688
194,2000,50,e,0.25,0.476,0.49,0.35488041370394313
195,2000,50,e,0.3,0.476,0.49,0.35488041370394313
196,2000,50,e,0.35,0.413,0.46374999999999994,0.3579416718624688
197,2000,50,e,0.4,0.461,0.48374999999999996,0.3643859265611775
198,2000,50,e,0.45,0.476,0.49,0.35488041370394313
199,2000,50,e,0.5,0.476,0.49,0.35488041370394313
200,2000,50,e,0.55,0.476,0.49,0.35488041370394313
201,2000,50,e,0.6,0.476,0.49,0.35488041370394313
202,2000,50,e,0.65,0.5255,0.8022916666666666,0.5317617917104268
203,2000,50,e,0.7,0.5255,0.8022916666666666,0.5317617917104268
204,2000,50,e,0.75,0.476,0.49,0.35488041370394313
205,2000,50,e,0.8,0.471,0.4879166666666667,0.3443615159843521
206,2000,50,e,0.85,0.5255,0.8022916666666666,0.5317617917104268
207,2000,50,e,0.9,0.4635,0.4847916666666667,0.3545266262085702
208,2000,50,e,0.95,0.6025,0.834375,0.5572758841045765
209,2000,50,g,0.05,0.476,0.49,0.35488041370394313
210,2000,50,g,0.1,0.476,0.49,0.35488041370394313
211,2000,50,g,0.15,0.476,0.49,0.35488041370394313
212,2000,50,g,0.2,0.476,0.49,0.35488041370394313
213,2000,50,g,0.25,0.476,0.49,0.35488041370394313
214,2000,50,g,0.3,0.476,0.49,0.356415191775034
215,2000,50,g,0.35,0.476,0.49,0.35488041370394313
216,2000,50,g,0.4,0.476,0.49,0.356415191775034
217,2000,50,g,0.45,0.5255,0.8022916666666666,0.5317617917104268
218,2000,50,g,0.5,0.5255,0.8022916666666666,0.5317617917104268
219,2000,50,g,0.55,0.476,0.49,0.35488041370394313
220,2000,50,g,0.6,0.476,0.49,0.35488041370394313
221,2000,50,g,0.65,0.5255,0.8022916666666666,0.5317617917104268
222,2000,50,g,0.7,0.5255,0.8022916666666666,0.5317617917104268
223,2000,50,g,0.75,0.471,0.4879166666666667,0.3443615159843521
224,2000,50,g,0.8,0.524,0.51,0.3750386905120815
225,2000,50,g,0.85,0.5255,0.8022916666666666,0.5317617917104268
226,2000,50,g,0.9,0.5255,0.8022916666666666,0.5317617917104268
227,2000,50,g,0.95,0.4635,0.4847916666666667,0.3545266262085702
228,2000,100,t,0.05,0.412,0.4633333333333334,0.3340265316712418
229,2000,100,t,0.1,0.412,0.4633333333333334,0.3340265316712418
230,2000,100,t,0.15,0.412,0.4633333333333334,0.3340265316712418
231,2000,100,t,0.2,0.412,0.4633333333333334,0.3340265316712418
232,2000,100,t,0.25,0.412,0.4633333333333334,0.3340265316712418
233,2000,100,t,0.3,0.484,0.49333333333333335,0.3879196000408121
234,2000,100,t,0.35,0.412,0.4633333333333334,0.360302049622438
235,2000,100,t,0.4,0.412,0.4633333333333334,0.360302049622438
236,2000,100,t,0.45,0.412,0.4633333333333334,0.3428839913407367
237,2000,100,t,0.5,0.4085,0.46187500000000004,0.3469720813662062
238,2000,100,t,0.55,0.4085,0.46187500000000004,0.3469720813662062
239,2000,100,t,0.6,0.4085,0.46187500000000004,0.3469720813662062
240,2000,100,t,0.65,0.5065,0.5027083333333334,0.3658506281661896
241,2000,100,t,0.7,0.5065,0.5027083333333334,0.3658506281661896
242,2000,100,t,0.75,0.457,0.48208333333333336,0.3434158739155591
243,2000,100,t,0.8,0.4085,0.46187500000000004,0.3362291276574731
244,2000,100,t,0.85,0.4085,0.46187500000000004,0.3362291276574731
245,2000,100,t,0.9,0.4085,0.46187500000000004,0.3362291276574731
246,2000,100,t,0.95,0.4085,0.46187500000000004,0.3362291276574731
247,2000,100,e,0.05,0.412,0.4633333333333334,0.3340265316712418
248,2000,100,e,0.1,0.412,0.4633333333333334,0.3340265316712418
249,2000,100,e,0.15,0.412,0.4633333333333334,0.3340265316712418
250,2000,100,e,0.2,0.412,0.4633333333333334,0.3340265316712418
251,2000,100,e,0.25,0.484,0.49333333333333335,0.3879196000408121
252,2000,100,e,0.3,0.412,0.4633333333333334,0.360302049622438
253,2000,100,e,0.35,0.412,0.4633333333333334,0.3428839913407367
254,2000,100,e,0.4,0.4085,0.46187500000000004,0.3469720813662062
255,2000,100,e,0.45,0.4085,0.46187500000000004,0.3469720813662062
256,2000,100,e,0.5,0.5065,0.5027083333333334,0.3658506281661896
257,2000,100,e,0.55,0.4085,0.46187500000000004,0.3362291276574731
258,2000,100,e,0.6,0.4085,0.46187500000000004,0.3362291276574731
259,2000,100,e,0.65,0.4085,0.46187500000000004,0.3536707853126166
260,2000,100,e,0.7,0.4085,0.46187500000000004,0.3469720813662062
261,2000,100,e,0.75,0.4085,0.46187500000000004,0.3469720813662062
262,2000,100,e,0.8,0.543,0.5179166666666667,0.3764391870697834
263,2000,100,e,0.85,0.4085,0.46187500000000004,0.3469720813662062
264,2000,100,e,0.9,0.3945,0.4560416666666667,0.33929499867868856
265,2000,100,e,0.95,0.4615,0.4839583333333333,0.35156189896572493
266,2000,100,g,0.05,0.412,0.4633333333333334,0.360302049622438
267,2000,100,g,0.1,0.412,0.4633333333333334,0.3428839913407367
268,2000,100,g,0.15,0.4085,0.46187500000000004,0.3469720813662062
269,2000,100,g,0.2,0.437,0.47375000000000006,0.33865502989019564
270,2000,100,g,0.25,0.4085,0.46187500000000004,0.3362291276574731
271,2000,100,g,0.3,0.4085,0.46187500000000004,0.3362291276574731
272,2000,100,g,0.35,0.4085,0.46187500000000004,0.3362291276574731
273,2000,100,g,0.4,0.4085,0.46187500000000004,0.3362291276574731
274,2000,100,g,0.45,0.4085,0.46187500000000004,0.3362291276574731
275,2000,100,g,0.5,0.3945,0.4560416666666667,0.33474884472493344
276,2000,100,g,0.55,0.412,0.4633333333333334,0.3340265316712418
277,2000,100,g,0.6,0.4085,0.46187500000000004,0.3469720813662062
278,2000,100,g,0.65,0.49,0.7685416666666667,0.5137080628214913
279,2000,100,g,0.7,0.4085,0.46187500000000004,0.3362291276574731
280,2000,100,g,0.75,0.4935,0.4972916666666667,0.3562453918122384
281,2000,100,g,0.8,0.3945,0.4560416666666667,0.33474884472493344
282,2000,100,g,0.85,0.5385,0.8004166666666667,0.5321813108487564
283,2000,100,g,0.9,0.4985,0.4760416666666667,0.360170751032151
284,2000,100,g,0.95,0.548,0.8116666666666666,0.5413680355637238
285,2000,200,t,0.05,0.49,0.7845833333333333,0.5218349358974359
286,2000,200,t,0.1,0.49,0.7845833333333333,0.5218349358974359
287,2000,200,t,0.15,0.49,0.7845833333333333,0.5218349358974359
288,2000,200,t,0.2,0.49,0.7845833333333333,0.5218349358974359
289,2000,200,t,0.25,0.49,0.7845833333333333,0.5218349358974359
290,2000,200,t,0.3,0.4695,0.484375,0.34731164061739045
291,2000,200,t,0.35,0.385,0.45208333333333334,0.33712216801256173
292,2000,200,t,0.4,0.384,0.44875,0.3354238678511081
293,2000,200,t,0.45,0.384,0.44875,0.3354238678511081
294,2000,200,t,0.5,0.5055,0.7910416666666666,0.5255441400622511
295,2000,200,t,0.55,0.4405,0.4752083333333333,0.37924014461244315
296,2000,200,t,0.6,0.4,0.4583333333333333,0.3531906689801427
297,2000,200,t,0.65,0.49,0.7845833333333333,0.5218349358974359
298,2000,200,t,0.7,0.4635,0.464375,0.3784713639879125
299,2000,200,t,0.75,0.5055,0.7910416666666666,0.5255441400622511
300,2000,200,t,0.8,0.538,0.8075,0.5348333211581074
301,2000,200,t,0.85,0.4875,0.4947916666666667,0.3549257759784075
302,2000,200,t,0.9,0.3705,0.44604166666666667,0.33394453245711825
303,2000,200,t,0.95,0.507,0.7916666666666666,0.5258156920282261
304,2000,200,e,0.05,0.49,0.7845833333333333,0.5218349358974359
305,2000,200,e,0.1,0.49,0.7845833333333333,0.5218349358974359
306,2000,200,e,0.15,0.49,0.7845833333333333,0.5218349358974359
307,2000,200,e,0.2,0.49,0.7845833333333333,0.5218349358974359
308,2000,200,e,0.25,0.49,0.7845833333333333,0.5218349358974359
309,2000,200,e,0.3,0.385,0.45208333333333334,0.33712216801256173
310,2000,200,e,0.35,0.384,0.44875,0.3354238678511081
311,2000,200,e,0.4,0.4385,0.474375,0.3367762838694596
312,2000,200,e,0.45,0.4,0.4583333333333333,0.3531906689801427
313,2000,200,e,0.5,0.49,0.7845833333333333,0.5218349358974359
314,2000,200,e,0.55,0.538,0.8075,0.5348333211581074
315,2000,200,e,0.6,0.3705,0.44604166666666667,0.33394453245711825
316,2000,200,e,0.65,0.5385,0.8047916666666666,0.5368234236492456
317,2000,200,e,0.7,0.4,0.4583333333333333,0.34035290109526845
318,2000,200,e,0.75,0.5395,0.808125,0.5378731574383749
319,2000,200,e,0.8,0.41,0.4595833333333333,0.33755562297734626
320,2000,200,e,0.85,0.4595,0.483125,0.37893740098998796
321,2000,200,e,0.9,0.552,0.8104166666666667,0.5383819079471254
322,2000,200,e,0.95,0.367,0.434375,0.33161356488192095
323,2000,200,g,0.05,0.385,0.45208333333333334,0.33712216801256173
324,2000,200,g,0.1,0.385,0.45208333333333334,0.33712216801256173
325,2000,200,g,0.15,0.4385,0.474375,0.33717547137761167
326,2000,200,g,0.2,0.49,0.7845833333333333,0.5218349358974359
327,2000,200,g,0.25,0.5055,0.7910416666666666,0.5255441400622511
328,2000,200,g,0.3,0.4875,0.4947916666666667,0.3549257759784075
329,2000,200,g,0.35,0.4595,0.483125,0.37475082850490904
330,2000,200,g,0.4,0.516,0.7983333333333333,0.5365364562444854
331,2000,200,g,0.45,0.5385,0.8047916666666666,0.5368234236492456
332,2000,200,g,0.5,0.4595,0.483125,0.3749313398194369
333,2000,200,g,0.55,0.424,0.46541666666666665,0.3675111465438332
334,2000,200,g,0.6,0.4585,0.47979166666666667,0.34953427198868486
335,2000,200,g,0.65,0.4615,0.4839583333333333,0.34552953789632546
336,2000,200,g,0.7,0.4705,0.48770833333333335,0.35628588663732436
337,2000,200,g,0.75,0.527,0.7999999999999999,0.5310114997590047
338,2000,200,g,0.8,0.3705,0.44604166666666667,0.33435769179523095
339,2000,200,g,0.85,0.432,0.4716666666666667,0.3522781918064429
340,2000,200,g,0.9,0.4,0.4583333333333333,0.352880658436214
341,2000,200,g,0.95,0.4375,0.47104166666666664,0.3355841804592217
342,5000,50,t,0.05,0.5254,0.8022499999999999,0.5335903367476172
343,5000,50,t,0.1,0.5254,0.8022499999999999,0.5335903367476172
344,5000,50,t,0.15,0.5254,0.8022499999999999,0.5335903367476172
345,5000,50,t,0.2,0.5254,0.8022499999999999,0.5335903367476172
346,5000,50,t,0.25,0.5254,0.8022499999999999,0.5335903367476172
347,5000,50,t,0.3,0.3758,0.44825,0.3366130670072107
348,5000,50,t,0.35,0.4102,0.46258333333333335,0.3407718228632701
349,5000,50,t,0.4,0.4102,0.46258333333333335,0.3407718228632701
350,5000,50,t,0.45,0.4384,0.47433333333333333,0.36885661054599583
351,5000,50,t,0.5,0.4384,0.47433333333333333,0.36885661054599583
352,5000,50,t,0.55,0.4102,0.46258333333333335,0.35932226717209653
353,5000,50,t,0.6,0.4102,0.46258333333333335,0.35932226717209653
354,5000,50,t,0.65,0.4102,0.46258333333333335,0.35932226717209653
355,5000,50,t,0.7,0.4102,0.46258333333333335,0.35932226717209653
356,5000,50,t,0.75,0.4384,0.47433333333333333,0.36885661054599583
357,5000,50,t,0.8,0.4384,0.47433333333333333,0.36885661054599583
358,5000,50,t,0.85,0.4102,0.46258333333333335,0.3490277542597826
359,5000,50,t,0.9,0.4384,0.47433333333333333,0.36885661054599583
360,5000,50,t,0.95,0.4384,0.47433333333333333,0.36885661054599583
361,5000,50,e,0.05,0.5254,0.8022499999999999,0.5335903367476172
362,5000,50,e,0.1,0.5254,0.8022499999999999,0.5335903367476172
363,5000,50,e,0.15,0.5254,0.8022499999999999,0.5335903367476172
364,5000,50,e,0.2,0.5254,0.8022499999999999,0.5335903367476172
365,5000,50,e,0.25,0.3758,0.44825,0.3366130670072107
366,5000,50,e,0.3,0.4102,0.46258333333333335,0.3407718228632701
367,5000,50,e,0.35,0.4102,0.46258333333333335,0.3407718228632701
368,5000,50,e,0.4,0.4384,0.47433333333333333,0.36885661054599583
369,5000,50,e,0.45,0.4102,0.46258333333333335,0.35932226717209653
370,5000,50,e,0.5,0.4102,0.46258333333333335,0.35932226717209653
371,5000,50,e,0.55,0.4384,0.47433333333333333,0.36885661054599583
372,5000,50,e,0.6,0.4384,0.47433333333333333,0.36885661054599583
373,5000,50,e,0.65,0.4384,0.47433333333333333,0.36885661054599583
374,5000,50,e,0.7,0.4384,0.47433333333333333,0.36885661054599583
375,5000,50,e,0.75,0.4384,0.47433333333333333,0.377810236570944
376,5000,50,e,0.8,0.4102,0.46258333333333335,0.35932226717209653
377,5000,50,e,0.85,0.5268,0.8028333333333334,0.5325628371985988
378,5000,50,e,0.9,0.5904,0.8293333333333334,0.5521407810564437
379,5000,50,e,0.95,0.4102,0.46258333333333335,0.35932226717209653
380,5000,50,g,0.05,0.4102,0.46258333333333335,0.3407718228632701
381,5000,50,g,0.1,0.4384,0.47433333333333333,0.36885661054599583
382,5000,50,g,0.15,0.4102,0.46258333333333335,0.35932226717209653
383,5000,50,g,0.2,0.4102,0.46258333333333335,0.35932226717209653
384,5000,50,g,0.25,0.4384,0.47433333333333333,0.36885661054599583
385,5000,50,g,0.3,0.4102,0.46258333333333335,0.3490277542597826
386,5000,50,g,0.35,0.4384,0.47433333333333333,0.36885661054599583
387,5000,50,g,0.4,0.4384,0.47433333333333333,0.36885661054599583
388,5000,50,g,0.45,0.4384,0.47433333333333333,0.36885661054599583
389,5000,50,g,0.5,0.4384,0.47433333333333333,0.36885661054599583
390,5000,50,g,0.55,0.4384,0.47433333333333333,0.3492786666881509
391,5000,50,g,0.6,0.4384,0.47433333333333333,0.377810236570944
392,5000,50,g,0.65,0.5476,0.8115,0.5425439627725656
393,5000,50,g,0.7,0.4712,0.488,0.3499434662262608
394,5000,50,g,0.75,0.4384,0.47433333333333333,0.3492786666881509
395,5000,50,g,0.8,0.5268,0.8028333333333334,0.5325628371985988
396,5000,50,g,0.85,0.5268,0.8028333333333334,0.5325628371985988
397,5000,50,g,0.9,0.4384,0.47433333333333333,0.3492786666881509
398,5000,50,g,0.95,0.6126,0.8385833333333333,0.5610944070813919
399,5000,100,t,0.05,0.5578,0.81575,0.5485425024369373
400,5000,100,t,0.1,0.5578,0.81575,0.5485425024369373
401,5000,100,t,0.15,0.4174,0.4655833333333333,0.354300665553369
402,5000,100,t,0.2,0.4174,0.4655833333333333,0.354300665553369
403,5000,100,t,0.25,0.4174,0.4655833333333333,0.3666216569496206
404,5000,100,t,0.3,0.4174,0.4655833333333333,0.3666216569496206
405,5000,100,t,0.35,0.4818,0.49241666666666667,0.37729610363039484
406,5000,100,t,0.4,0.4818,0.49241666666666667,0.37729610363039484
407,5000,100,t,0.45,0.4274,0.46975000000000006,0.3470182145339788
408,5000,100,t,0.5,0.485,0.7854166666666668,0.5199566344870673
409,5000,100,t,0.55,0.485,0.7854166666666668,0.5199566344870673
410,5000,100,t,0.6,0.5728,0.8220000000000001,0.5465449185002795
411,5000,100,t,0.65,0.503,0.7929166666666667,0.529317419762934
412,5000,100,t,0.7,0.485,0.7854166666666668,0.5199566344870673
413,5000,100,t,0.75,0.485,0.7854166666666668,0.5199566344870673
414,5000,100,t,0.8,0.485,0.7854166666666668,0.5199566344870673
415,5000,100,t,0.85,0.4762,0.49008333333333337,0.3592303988212526
416,5000,100,t,0.9,0.4762,0.49008333333333337,0.3550105675554256
417,5000,100,t,0.95,0.4762,0.49008333333333337,0.3550105675554256
418,5000,100,e,0.05,0.5578,0.81575,0.5485425024369373
419,5000,100,e,0.1,0.5578,0.81575,0.5485425024369373
420,5000,100,e,0.15,0.4174,0.4655833333333333,0.354300665553369
421,5000,100,e,0.2,0.4174,0.4655833333333333,0.354300665553369
422,5000,100,e,0.25,0.4274,0.46975000000000006,0.3470182145339788
423,5000,100,e,0.3,0.5578,0.81575,0.5423767698381635
424,5000,100,e,0.35,0.4818,0.49241666666666667,0.37729610363039484
425,5000,100,e,0.4,0.485,0.7854166666666668,0.5199566344870673
426,5000,100,e,0.45,0.5728,0.8220000000000001,0.5465449185002795
427,5000,100,e,0.5,0.5578,0.81575,0.5423767698381635
428,5000,100,e,0.55,0.485,0.7854166666666668,0.5199566344870673
429,5000,100,e,0.6,0.4762,0.49008333333333337,0.3550105675554256
430,5000,100,e,0.65,0.5182,0.5075833333333334,0.39527073124139894
431,5000,100,e,0.7,0.4762,0.49008333333333337,0.37571953887962023
432,5000,100,e,0.75,0.4478,0.47825,0.385157966444255
433,5000,100,e,0.8,0.5058,0.7940833333333334,0.5258359471760848
434,5000,100,e,0.85,0.5928,0.8303333333333334,0.5531136485747506
435,5000,100,e,0.9,0.5182,0.5075833333333334,0.3882260353555013
436,5000,100,e,0.95,0.4024,0.45933333333333337,0.34546377952607243
437,5000,100,g,0.05,0.4762,0.49008333333333337,0.3559787948209907
438,5000,100,g,0.1,0.4174,0.4655833333333333,0.3666216569496206
439,5000,100,g,0.15,0.4554,0.48141666666666666,0.3609643875563548
440,5000,100,g,0.2,0.384,0.45166666666666666,0.3424234432936965
441,5000,100,g,0.25,0.485,0.7854166666666668,0.5199566344870673
442,5000,100,g,0.3,0.4762,0.49008333333333337,0.3592303988212526
443,5000,100,g,0.35,0.469,0.7787499999999999,0.5157368032212403
444,5000,100,g,0.4,0.5884,0.8285,0.5594177697339627
445,5000,100,g,0.45,0.4762,0.49008333333333337,0.37571953887962023
446,5000,100,g,0.5,0.4762,0.49008333333333337,0.37571953887962023
447,5000,100,g,0.55,0.5578,0.81575,0.5423767698381635
448,5000,100,g,0.6,0.5578,0.81575,0.5423767698381635
449,5000,100,g,0.65,0.5182,0.5075833333333334,0.39527073124139894
450,5000,100,g,0.7,0.436,0.47333333333333333,0.35770751353761393
451,5000,100,g,0.75,0.4478,0.47825,0.3547910056975474
452,5000,100,g,0.8,0.4762,0.49008333333333337,0.34617104874602306
453,5000,100,g,0.85,0.4478,0.47825,0.34835678230007566
454,5000,100,g,0.9,0.4478,0.47825,0.34173165562231794
455,5000,100,g,0.95,0.5364,0.8068333333333334,0.5349326392192675
456,5000,200,t,0.05,0.4166,0.46525,0.33489990801856734
457,5000,200,t,0.1,0.4166,0.46525,0.36203981808648417
458,5000,200,t,0.15,0.4166,0.46525,0.33489990801856734
459,5000,200,t,0.2,0.4166,0.46525,0.33489990801856734
460,5000,200,t,0.25,0.4166,0.46525,0.33489990801856734
461,5000,200,t,0.3,0.4166,0.46525,0.3439494963022251
462,5000,200,t,0.35,0.4166,0.46525,0.33489990801856734
463,5000,200,t,0.4,0.4166,0.46525,0.34570781879424434
464,5000,200,t,0.45,0.4054,0.46058333333333334,0.3434973023094361
465,5000,200,t,0.5,0.4836,0.4931666666666667,0.3577242474399574
466,5000,200,t,0.55,0.4166,0.46525,0.3721983249131559
467,5000,200,t,0.6,0.4714,0.48808333333333337,0.3491571103536258
468,5000,200,t,0.65,0.4166,0.46525,0.3439494963022251
469,5000,200,t,0.7,0.4166,0.46525,0.3439494963022251
470,5000,200,t,0.75,0.4166,0.46525,0.3481252335982403
471,5000,200,t,0.8,0.4714,0.48808333333333337,0.37134126389099914
472,5000,200,t,0.85,0.4714,0.48808333333333337,0.38607876721297735
473,5000,200,t,0.9,0.4714,0.48808333333333337,0.36320536071454573
474,5000,200,t,0.95,0.464,0.48500000000000004,0.3691600582137871
475,5000,200,e,0.05,0.4166,0.46525,0.33489990801856734
476,5000,200,e,0.1,0.4166,0.46525,0.36203981808648417
477,5000,200,e,0.15,0.4166,0.46525,0.33489990801856734
478,5000,200,e,0.2,0.4166,0.46525,0.33489990801856734
479,5000,200,e,0.25,0.4166,0.46525,0.3439494963022251
480,5000,200,e,0.3,0.4166,0.46525,0.33489990801856734
481,5000,200,e,0.35,0.4054,0.46058333333333334,0.3434973023094361
482,5000,200,e,0.4,0.5624,0.8176666666666668,0.5455295293504347
483,5000,200,e,0.45,0.4714,0.48808333333333337,0.3491571103536258
484,5000,200,e,0.5,0.4166,0.46525,0.3439494963022251
485,5000,200,e,0.55,0.4714,0.48808333333333337,0.37134126389099914
486,5000,200,e,0.6,0.39,0.45416666666666666,0.34025053537248656
487,5000,200,e,0.65,0.4166,0.46525,0.3721983249131559
488,5000,200,e,0.7,0.464,0.48500000000000004,0.372902452517057
489,5000,200,e,0.75,0.4166,0.46525,0.3721983249131559
490,5000,200,e,0.8,0.464,0.48500000000000004,0.3691600582137871
491,5000,200,e,0.85,0.429,0.47041666666666665,0.3790900457567124
492,5000,200,e,0.9,0.5914,0.8297500000000001,0.5552346991606688
493,5000,200,e,0.95,0.464,0.48500000000000004,0.35052559190490223
494,5000,200,g,0.05,0.5838,0.8265833333333333,0.5497184254750359
495,5000,200,g,0.1,0.4054,0.46058333333333334,0.3434973023094361
496,5000,200,g,0.15,0.461,0.48374999999999996,0.3475618866986678
497,5000,200,g,0.2,0.4166,0.46525,0.3439494963022251
498,5000,200,g,0.25,0.4166,0.46525,0.3721983249131559
499,5000,200,g,0.3,0.4714,0.48808333333333337,0.38607876721297735
500,5000,200,g,0.35,0.4714,0.48808333333333337,0.36320536071454573
501,5000,200,g,0.4,0.4904,0.7876666666666666,0.521286370078046
502,5000,200,g,0.45,0.4714,0.48808333333333337,0.3491571103536258
503,5000,200,g,0.5,0.429,0.47041666666666665,0.34802054314249437
504,5000,200,g,0.55,0.4298,0.47075,0.34909628357399836
505,5000,200,g,0.6,0.4762,0.7817500000000001,0.5176956211740622
506,5000,200,g,0.65,0.4166,0.46525,0.33489990801856734
507,5000,200,g,0.7,0.4166,0.46525,0.34570781879424434
508,5000,200,g,0.75,0.464,0.48500000000000004,0.3456268458400784
509,5000,200,g,0.8,0.464,0.48500000000000004,0.35706000210903727
510,5000,200,g,0.85,0.5058,0.5024166666666666,0.39088792232327224
511,5000,200,g,0.9,0.53,0.8041666666666667,0.5323612926622372
512,5000,200,g,0.95,0.4396,0.4748333333333334,0.349894111895044
513,10000,50,t,0.05,0.4082,0.628333291645823,0.3463081451545593
514,10000,50,t,0.1,0.4081,0.6281665416041354,0.36249282716007186
515,10000,50,t,0.15,0.4082,0.628333291645823,0.3540406085698451
516,10000,50,t,0.2,0.4081,0.2949999583124896,0.3334118657843131
517,10000,50,t,0.25,0.4082,0.628333291645823,0.3540406085698451
518,10000,50,t,0.3,0.4082,0.628333291645823,0.3540406085698451
519,10000,50,t,0.35,0.4082,0.628333291645823,0.3540406085698451
520,10000,50,t,0.4,0.4082,0.628333291645823,0.3540406085698451
521,10000,50,t,0.45,0.4082,0.628333291645823,0.3540406085698451
522,10000,50,t,0.5,0.4081,0.2949999583124896,0.3400967456918964
523,10000,50,t,0.55,0.4082,0.628333291645823,0.3463081451545593
524,10000,50,t,0.6,0.4082,0.628333291645823,0.3463081451545593
525,10000,50,t,0.65,0.4082,0.628333291645823,0.3540406085698451
526,10000,50,t,0.7,0.4082,0.628333291645823,0.3540406085698451
527,10000,50,t,0.75,0.4082,0.628333291645823,0.3540406085698451
528,10000,50,t,0.8,0.4082,0.628333291645823,0.3540406085698451
529,10000,50,t,0.85,0.4357,0.3066250416875104,0.3384874100524588
530,10000,50,t,0.9,0.4357,0.3066250416875104,0.3384874100524588
531,10000,50,t,0.95,0.4357,0.3066250416875104,0.3384874100524588
532,10000,50,e,0.05,0.4082,0.628333291645823,0.3463081451545593
533,10000,50,e,0.1,0.4082,0.628333291645823,0.3540406085698451
534,10000,50,e,0.15,0.4082,0.628333291645823,0.3540406085698451
535,10000,50,e,0.2,0.4081,0.2949999583124896,0.3334118657843131
536,10000,50,e,0.25,0.4082,0.628333291645823,0.3540406085698451
537,10000,50,e,0.3,0.4082,0.628333291645823,0.3540406085698451
538,10000,50,e,0.35,0.4082,0.628333291645823,0.3540406085698451
539,10000,50,e,0.4,0.4081,0.2949999583124896,0.3400967456918964
540,10000,50,e,0.45,0.4082,0.628333291645823,0.3463081451545593
541,10000,50,e,0.5,0.4082,0.628333291645823,0.3540406085698451
542,10000,50,e,0.55,0.4082,0.628333291645823,0.3540406085698451
543,10000,50,e,0.6,0.4357,0.3066250416875104,0.3384874100524588
544,10000,50,e,0.65,0.4357,0.3066250416875104,0.3384874100524588
545,10000,50,e,0.7,0.4357,0.3066250416875104,0.33349169284701335
546,10000,50,e,0.75,0.4994,0.3331667083541771,0.45455023534391303
547,10000,50,e,0.8,0.4357,0.3066250416875104,0.33349169284701335
548,10000,50,e,0.85,0.4357,0.3066250416875104,0.33349169284701335
549,10000,50,e,0.9,0.4357,0.3066250416875104,0.36801332732519665
550,10000,50,e,0.95,0.4357,0.3066250416875104,0.36801332732519665
551,10000,50,g,0.05,0.4082,0.628333291645823,0.3540406085698451
552,10000,50,g,0.1,0.4082,0.628333291645823,0.3540406085698451
553,10000,50,g,0.15,0.4357,0.3066250416875104,0.36801332732519665
554,10000,50,g,0.2,0.4082,0.628333291645823,0.3540406085698451
555,10000,50,g,0.25,0.4082,0.628333291645823,0.3540406085698451
556,10000,50,g,0.3,0.4357,0.3066250416875104,0.3384874100524588
557,10000,50,g,0.35,0.4357,0.3066250416875104,0.3384874100524588
558,10000,50,g,0.4,0.4357,0.3066250416875104,0.3384874100524588
559,10000,50,g,0.45,0.4572,0.3154582916458229,0.3368704585260373
560,10000,50,g,0.5,0.4357,0.3066250416875104,0.36801332732519665
561,10000,50,g,0.55,0.4357,0.3066250416875104,0.33349169284701335
562,10000,50,g,0.6,0.4994,0.3331667083541771,0.45455023534391303
563,10000,50,g,0.65,0.4994,0.3331667083541771,0.45455023534391303
564,10000,50,g,0.7,0.4357,0.3066250416875104,0.33349169284701335
565,10000,50,g,0.75,0.4744,0.3227500416875104,0.44442956036853526
566,10000,50,g,0.8,0.4357,0.3066250416875104,0.37812843236530264
567,10000,50,g,0.85,0.4477,0.31162504168751043,0.4444227274128059
568,10000,50,g,0.9,0.4357,0.3066250416875104,0.36801332732519665
569,10000,50,g,0.95,0.4357,0.3066250416875104,0.33349169284701335
570,10000,100,t,0.05,0.4465,0.3109999583124896,0.36179130289304307
571,10000,100,t,0.1,0.4465,0.3109999583124896,0.36179130289304307
572,10000,100,t,0.15,0.4465,0.3109999583124896,0.36179130289304307
573,10000,100,t,0.2,0.4436,0.6432083750208438,0.43338655749524624
574,10000,100,t,0.25,0.4436,0.6432083750208438,0.43338655749524624
575,10000,100,t,0.3,0.4436,0.6432083750208438,0.43338655749524624
576,10000,100,t,0.35,0.4495,0.31237504168751046,0.37990606757585565
577,10000,100,t,0.4,0.4129,0.2969999583124896,0.3365656089697226
578,10000,100,t,0.45,0.4622,0.6509583750208437,0.43929024268028155
579,10000,100,t,0.5,0.4436,0.6432083750208438,0.43338655749524624
580,10000,100,t,0.55,0.3967,0.29037504168751044,0.3358868675228645
581,10000,100,t,0.6,0.4465,0.3109999583124896,0.3794787879437611
582,10000,100,t,0.65,0.5027,0.3345417083541771,0.3728784432804257
583,10000,100,t,0.7,0.5027,0.3345417083541771,0.3669747580953904
584,10000,100,t,0.75,0.4495,0.31237504168751046,0.37990606757585565
585,10000,100,t,0.8,0.4495,0.31237504168751046,0.37990606757585565
586,10000,100,t,0.85,0.4118,0.29654162497915626,0.3385208083814761
587,10000,100,t,0.9,0.3967,0.29037504168751044,0.3358868675228645
588,10000,100,t,0.95,0.3967,0.29037504168751044,0.3358868675228645
589,10000,100,e,0.05,0.4465,0.3109999583124896,0.36179130289304307
590,10000,100,e,0.1,0.4436,0.6432083750208438,0.43338655749524624
591,10000,100,e,0.15,0.4465,0.3109999583124896,0.36179130289304307
592,10000,100,e,0.2,0.4436,0.6432083750208438,0.43338655749524624
593,10000,100,e,0.25,0.4436,0.6432083750208438,0.43338655749524624
594,10000,100,e,0.3,0.4495,0.31237504168751046,0.37990606757585565
595,10000,100,e,0.35,0.4622,0.6509583750208437,0.43929024268028155
596,10000,100,e,0.4,0.4436,0.6432083750208438,0.43338655749524624
597,10000,100,e,0.45,0.4465,0.3109999583124896,0.3794787879437611
598,10000,100,e,0.5,0.5027,0.3345417083541771,0.3669747580953904
599,10000,100,e,0.55,0.4495,0.31237504168751046,0.37990606757585565
600,10000,100,e,0.6,0.4495,0.31237504168751046,0.37990606757585565
601,10000,100,e,0.65,0.4495,0.31237504168751046,0.37990606757585565
602,10000,100,e,0.7,0.3967,0.29037504168751044,0.3358868675228645
603,10000,100,e,0.75,0.3967,0.29037504168751044,0.3358868675228645
604,10000,100,e,0.8,0.3967,0.29037504168751044,0.3358868675228645
605,10000,100,e,0.85,0.3967,0.29037504168751044,0.34925680593028413
606,10000,100,e,0.9,0.3967,0.29037504168751044,0.3358868675228645
607,10000,100,e,0.95,0.4972,0.3321249583124896,0.3870881723949881
608,10000,100,g,0.05,0.4436,0.6432083750208438,0.43338655749524624
609,10000,100,g,0.1,0.4622,0.6509583750208437,0.43929024268028155
610,10000,100,g,0.15,0.4465,0.3109999583124896,0.34686053814535645
611,10000,100,g,0.2,0.5027,0.3345417083541771,0.3669747580953904
612,10000,100,g,0.25,0.4495,0.31237504168751046,0.37990606757585565
613,10000,100,g,0.3,0.4118,0.29654162497915626,0.3385208083814761
614,10000,100,g,0.35,0.5202,0.21675,0.24076645376284367
615,10000,100,g,0.4,0.4394,0.6414583750208438,0.42003432427806753
616,10000,100,g,0.45,0.4972,0.3321249583124896,0.352417978209822
617,10000,100,g,0.5,0.4972,0.3321249583124896,0.352417978209822
618,10000,100,g,0.55,0.3967,0.29037504168751044,0.3358868675228645
619,10000,100,g,0.6,0.3967,0.29037504168751044,0.3358868675228645
620,10000,100,g,0.65,0.4461,0.6442500416875104,0.44607708747338704
621,10000,100,g,0.7,0.4461,0.6442500416875104,0.44607708747338704
622,10000,100,g,0.75,0.4495,0.31237504168751046,0.37182753345280073
623,10000,100,g,0.8,0.4495,0.31237504168751046,0.37182753345280073
624,10000,100,g,0.85,0.4306,0.30437495831248956,0.348930727425903
625,10000,100,g,0.9,0.3967,0.29037504168751044,0.3358868675228645
626,10000,100,g,0.95,0.4465,0.3109999583124896,0.36179130289304307
627,10000,200,t,0.05,0.4563,0.6485000416875104,0.4419040269409371
628,10000,200,t,0.1,0.426,0.30258337502084376,0.3705062012580253
629,10000,200,t,0.15,0.4563,0.6485000416875104,0.4419040269409371
630,10000,200,t,0.2,0.426,0.30258337502084376,0.3635577066550149
631,10000,200,t,0.25,0.4602,0.3167082916458229,0.3598766745248834
632,10000,200,t,0.3,0.426,0.30258337502084376,0.3705062012580253
633,10000,200,t,0.35,0.4285,0.3034999583124896,0.33864457273041415
634,10000,200,t,0.4,0.4008,0.29208337502084375,0.3617236744716725
635,10000,200,t,0.45,0.4272,0.6363750416875105,0.44497977654179044
636,10000,200,t,0.5,0.4272,0.6363750416875105,0.44497977654179044
637,10000,200,t,0.55,0.4649,0.3187917083541771,0.37319066663633577
638,10000,200,t,0.6,0.4602,0.3167082916458229,0.3847546513353661
639,10000,200,t,0.65,0.4272,0.6363750416875105,0.44497977654179044
640,10000,200,t,0.7,0.4008,0.29208337502084375,0.3617236744716725
641,10000,200,t,0.75,0.4006,0.625291708354177,0.42525975682804
642,10000,200,t,0.8,0.3995,0.29141662497915627,0.33893021596844103
643,10000,200,t,0.85,0.3995,0.29141662497915627,0.34887646437918846
644,10000,200,t,0.9,0.3899,0.28741662497915627,0.3468231289925198
645,10000,200,t,0.95,0.3995,0.29141662497915627,0.33893021596844103
646,10000,200,e,0.05,0.4563,0.6485000416875104,0.4419040269409371
647,10000,200,e,0.1,0.4491,0.31208329164582294,0.358087218618141
648,10000,200,e,0.15,0.3899,0.28741662497915627,0.33687688058177234
649,10000,200,e,0.2,0.426,0.30258337502084376,0.3705062012580253
650,10000,200,e,0.25,0.426,0.30258337502084376,0.37826912199979873
651,10000,200,e,0.3,0.4267,0.6361667083541771,0.43237372006602165
652,10000,200,e,0.35,0.4272,0.6363750416875105,0.44497977654179044
653,10000,200,e,0.4,0.4008,0.29208337502084375,0.3617236744716725
654,10000,200,e,0.45,0.4602,0.3167082916458229,0.3847546513353661
655,10000,200,e,0.5,0.4602,0.3167082916458229,0.3598766745248834
656,10000,200,e,0.55,0.3995,0.29141662497915627,0.33893021596844103
657,10000,200,e,0.6,0.4294,0.30387495831248956,0.35468359086927964
658,10000,200,e,0.65,0.4185,0.2993332916458229,0.42109618431327117
659,10000,200,e,0.7,0.4649,0.3187917083541771,0.37319066663633577
660,10000,200,e,0.75,0.4903,0.32924995831248954,0.4023422759628498
661,10000,200,e,0.8,0.3741,0.28095837502084375,0.33605796243399216
662,10000,200,e,0.85,0.4997,0.3332917083541771,0.4007648049594344
663,10000,200,e,0.9,0.4272,0.6363750416875105,0.44497977654179044
664,10000,200,e,0.95,0.4602,0.3167082916458229,0.37726899465347313
665,10000,200,g,0.05,0.4714,0.3213749583124896,0.36159685532510083
666,10000,200,g,0.1,0.4272,0.6363750416875105,0.44497977654179044
667,10000,200,g,0.15,0.3899,0.28741662497915627,0.33687688058177234
668,10000,200,g,0.2,0.4824,0.3260833750208438,0.37579172411037187
669,10000,200,g,0.25,0.4006,0.625291708354177,0.42525975682804
670,10000,200,g,0.3,0.3946,0.2893749583124896,0.3499432221497308
671,10000,200,g,0.35,0.4602,0.3167082916458229,0.349930426114136
672,10000,200,g,0.4,0.4824,0.3260833750208438,0.37579172411037187
673,10000,200,g,0.45,0.4649,0.3187917083541771,0.3848163761756509
674,10000,200,g,0.5,0.4237,0.6349167083541771,0.4252670582368326
675,10000,200,g,0.55,0.4294,0.30387495831248956,0.3585649697770677
676,10000,200,g,0.6,0.4294,0.30387495831248956,0.35468359086927964
677,10000,200,g,0.65,0.4602,0.3167082916458229,0.349930426114136
678,10000,200,g,0.7,0.4824,0.3260833750208438,0.35606174819200603
679,10000,200,g,0.75,0.4187,0.6328333750208438,0.44189407073632175
680,10000,200,g,0.8,0.4006,0.625291708354177,0.42525975682804
681,10000,200,g,0.85,0.4133,0.6305833750208437,0.42526364209221196
682,10000,200,g,0.9,0.4133,0.6305833750208437,0.42526364209221196
683,10000,200,g,0.95,0.4649,0.3187917083541771,0.35346069071796987
684,20000,50,t,0.05,0.4095,0.29579171876302407,0.4489151238481153
685,20000,50,t,0.1,0.46395,0.6517917187630241,0.37725077102511273
686,20000,50,t,0.15,0.46395,0.6517917187630241,0.37725077102511273
687,20000,50,t,0.2,0.4095,0.29579171876302407,0.4489151238481153
688,20000,50,t,0.25,0.4095,0.29579171876302407,0.4489151238481153
689,20000,50,t,0.3,0.46395,0.6517917187630241,0.37725077102511273
690,20000,50,t,0.35,0.46395,0.6517917187630241,0.37725077102511273
691,20000,50,t,0.4,0.4095,0.29579171876302407,0.4489151238481153
692,20000,50,t,0.45,0.4095,0.29579171876302407,0.4489151238481153
693,20000,50,t,0.5,0.43965,0.3083542187630241,0.4489199054993636
694,20000,50,t,0.55,0.5055,0.3354165937317663,0.3734525719470289
695,20000,50,t,0.6,0.42935,0.3040625520963574,0.4266944417145104
696,20000,50,t,0.65,0.42935,0.3040625520963574,0.4266944417145104
697,20000,50,t,0.7,0.5317,0.3467083854296907,0.4487103795924698
698,20000,50,t,0.75,0.5317,0.3467083854296907,0.4487103795924698
699,20000,50,t,0.8,0.5317,0.3467083854296907,0.4487103795924698
700,20000,50,t,0.85,0.3721,0.2802083854296908,0.33723763625904657
701,20000,50,t,0.9,0.3721,0.2802083854296908,0.33723763625904657
702,20000,50,t,0.95,0.3721,0.2802083854296908,0.33723763625904657
703,20000,50,e,0.05,0.4095,0.29579171876302407,0.4489151238481153
704,20000,50,e,0.1,0.46395,0.6517917187630241,0.37725077102511273
705,20000,50,e,0.15,0.42735,0.3029166145703092,0.3522504644698612
706,20000,50,e,0.2,0.4095,0.29579171876302407,0.4489151238481153
707,20000,50,e,0.25,0.46395,0.6517917187630241,0.37725077102511273
708,20000,50,e,0.3,0.46395,0.6517917187630241,0.37725077102511273
709,20000,50,e,0.35,0.4095,0.29579171876302407,0.4489151238481153
710,20000,50,e,0.4,0.5055,0.3354165937317663,0.3734525719470289
711,20000,50,e,0.45,0.42935,0.3040625520963574,0.4266944417145104
712,20000,50,e,0.5,0.5317,0.3467083854296907,0.4487103795924698
713,20000,50,e,0.55,0.5317,0.3467083854296907,0.4487103795924698
714,20000,50,e,0.6,0.3721,0.2802083854296908,0.33723763625904657
715,20000,50,e,0.65,0.3721,0.2802083854296908,0.33723763625904657
716,20000,50,e,0.7,0.5055,0.3354165937317663,0.3734525719470289
717,20000,50,e,0.75,0.43965,0.3083542187630241,0.4489199054993636
718,20000,50,e,0.8,0.50545,0.33533323955989003,0.3650754281897682
719,20000,50,e,0.85,0.49795,0.33264588542969076,0.4488852202285167
720,20000,50,e,0.9,0.30965,0.12933343752604817,0.20283539511767112
721,20000,50,e,0.95,0.50535,0.3351665312161374,0.3858639290506251
722,20000,50,g,0.05,0.46395,0.6517917187630241,0.37725077102511273
723,20000,50,g,0.1,0.4095,0.29579171876302407,0.4489151238481153
724,20000,50,g,0.15,0.5055,0.3354165937317663,0.3734525719470289
725,20000,50,g,0.2,0.50135,0.3340625520963574,0.4487489911218725
726,20000,50,g,0.25,0.5317,0.3467083854296907,0.4487103795924698
727,20000,50,g,0.3,0.3721,0.2802083854296908,0.33723763625904657
728,20000,50,g,0.35,0.3721,0.2802083854296908,0.33723763625904657
729,20000,50,g,0.4,0.42935,0.3040625520963574,0.4266944417145104
730,20000,50,g,0.45,0.3721,0.2802083854296908,0.33723763625904657
731,20000,50,g,0.5,0.49765,0.33214576039843297,0.3723855625989739
732,20000,50,g,0.55,0.40925,0.29537494790364255,0.33461546598995423
733,20000,50,g,0.6,0.43965,0.3083542187630241,0.4489199054993636
734,20000,50,g,0.65,0.4394,0.3079374479036426,0.3469177734110745
735,20000,50,g,0.7,0.3721,0.2802083854296908,0.33723763625904657
736,20000,50,g,0.75,0.50545,0.33533323955989003,0.3650754281897682
737,20000,50,g,0.8,0.50555,0.3354999479036426,0.3568462205409917
738,20000,50,g,0.85,0.5055,0.3354165937317663,0.3734525719470289
739,20000,50,g,0.9,0.40925,0.29537494790364255,0.33461546598995423
740,20000,50,g,0.95,0.50555,0.3354999479036426,0.3568462205409917
741,20000,100,t,0.05,0.4934,0.3306875312578144,0.3589133459884764
742,20000,100,t,0.1,0.37875,0.2829166979244811,0.4264247499418469
743,20000,100,t,0.15,0.4805,0.32531253125781445,0.35712778276855245
744,20000,100,t,0.2,0.3802,0.2835208645911478,0.33880469994842505
745,20000,100,t,0.25,0.43995,0.3084166979244811,0.4304721252538252
746,20000,100,t,0.3,0.48385,0.32652080207551887,0.3561239636778852
747,20000,100,t,0.35,0.48385,0.32652080207551887,0.3561239636778852
748,20000,100,t,0.4,0.3802,0.2835208645911478,0.33880469994842505
749,20000,100,t,0.45,0.42485,0.3021250312578145,0.42637344421099677
750,20000,100,t,0.5,0.4975,0.3323958645911478,0.3617322967314089
751,20000,100,t,0.55,0.3953,0.2898125312578144,0.4264247499418469
752,20000,100,t,0.6,0.42485,0.3021250312578145,0.42637344421099677
753,20000,100,t,0.65,0.3989,0.2913125312578145,0.3429137781550131
754,20000,100,t,0.7,0.42485,0.3021250312578145,0.42637344421099677
755,20000,100,t,0.75,0.4975,0.3323958645911478,0.3594698891798081
756,20000,100,t,0.8,0.4568,0.31543753125781443,0.4456897225988112
757,20000,100,t,0.85,0.3953,0.2898125312578144,0.4264247499418469
758,20000,100,t,0.9,0.4104,0.2961041979244811,0.4305211520714945
759,20000,100,t,0.95,0.39385,0.2892083645911478,0.4305211520714945
760,20000,100,e,0.05,0.4934,0.3306875312578144,0.3589133459884764
761,20000,100,e,0.1,0.37875,0.2829166979244811,0.4264247499418469
762,20000,100,e,0.15,0.42485,0.3021250312578145,0.42637344421099677
763,20000,100,e,0.2,0.42485,0.3021250312578145,0.42637344421099677
764,20000,100,e,0.25,0.39385,0.2892083645911478,0.4305211520714945
765,20000,100,e,0.3,0.48385,0.32652080207551887,0.3561239636778852
766,20000,100,e,0.35,0.42485,0.3021250312578145,0.42637344421099677
767,20000,100,e,0.4,0.4975,0.3323958645911478,0.3617322967314089
768,20000,100,e,0.45,0.42485,0.3021250312578145,0.42637344421099677
769,20000,100,e,0.5,0.42485,0.3021250312578145,0.42637344421099677
770,20000,100,e,0.55,0.4568,0.31543753125781443,0.4456897225988112
771,20000,100,e,0.6,0.3989,0.2913125312578145,0.34701018028466063
772,20000,100,e,0.65,0.43995,0.3084166979244811,0.4304721252538252
773,20000,100,e,0.7,0.4975,0.3323958645911478,0.3635662913094557
774,20000,100,e,0.75,0.40855,0.2951458020755189,0.3352133163332151
775,20000,100,e,0.8,0.39385,0.2892083645911478,0.4305211520714945
776,20000,100,e,0.85,0.419,0.29968753125781444,0.34692134776923145
777,20000,100,e,0.9,0.419,0.29968753125781444,0.3354201452279961
778,20000,100,e,0.95,0.44495,0.31031246874218554,0.33788072816759845
779,20000,100,g,0.05,0.37875,0.2829166979244811,0.4264247499418469
780,20000,100,g,0.1,0.3989,0.2913125312578145,0.3429137781550131
781,20000,100,g,0.15,0.4975,0.3323958645911478,0.3617322967314089
782,20000,100,g,0.2,0.3989,0.2913125312578145,0.3429137781550131
783,20000,100,g,0.25,0.4975,0.3323958645911478,0.3594698891798081
784,20000,100,g,0.3,0.37875,0.2829166979244811,0.4264247499418469
785,20000,100,g,0.35,0.3989,0.2913125312578145,0.34701018028466063
786,20000,100,g,0.4,0.4104,0.2961041979244811,0.4305211520714945
787,20000,100,g,0.45,0.43995,0.3084166979244811,0.4304721252538252
788,20000,100,g,0.5,0.3953,0.2898125312578144,0.4264247499418469
789,20000,100,g,0.55,0.42485,0.3021250312578145,0.42637344421099677
790,20000,100,g,0.6,0.50235,0.3341040937317663,0.38783360495575003
791,20000,100,g,0.65,0.4975,0.3323958645911478,0.3635662913094557
792,20000,100,g,0.7,0.4975,0.3323958645911478,0.3635662913094557
793,20000,100,g,0.75,0.39385,0.2892083645911478,0.4305211520714945
794,20000,100,g,0.8,0.37875,0.2829166979244811,0.4264247499418469
795,20000,100,g,0.85,0.39385,0.2892083645911478,0.4305211520714945
796,20000,100,g,0.9,0.47685,0.3236041354088522,0.3550115380574217
797,20000,100,g,0.95,0.4449,0.3102291145703093,0.36340520019294237
798,20000,200,t,0.05,0.38815,0.2868333645911478,0.33670746896877546
799,20000,200,t,0.1,0.4086,0.29516663540885224,0.3554329838153311
800,20000,200,t,0.15,0.40145,0.29237503125781444,0.3450257918688608
801,20000,200,t,0.2,0.4138,0.2975208645911478,0.34750389692114597
802,20000,200,t,0.25,0.4096,0.2957708645911478,0.4172105435916045
803,20000,200,t,0.3,0.4096,0.2957708645911478,0.4172105435916045
804,20000,200,t,0.35,0.4096,0.2957708645911478,0.4172105435916045
805,20000,200,t,0.4,0.46575,0.644601572268067,0.3716686509577289
806,20000,200,t,0.45,0.45975,0.31647913540885225,0.36102822206112267
807,20000,200,t,0.5,0.41375,0.2974375104192715,0.3596204237106832
808,20000,200,t,0.55,0.4727,0.3220625312578145,0.35462156990667104
809,20000,200,t,0.6,0.4156,0.6315833645911478,0.42517001067709237
810,20000,200,t,0.65,0.3764,0.28193753125781446,0.33658059945344526
811,20000,200,t,0.7,0.4156,0.6315833645911478,0.42517001067709237
812,20000,200,t,0.75,0.43195,0.30489580207551886,0.4222109799548793
813,20000,200,t,0.8,0.4138,0.2975208645911478,0.34458471605570756
814,20000,200,t,0.85,0.41565,0.6316041979244811,0.42808745019542127
815,20000,200,t,0.9,0.3764,0.28193753125781446,0.3340265881695592
816,20000,200,t,0.95,0.3972,0.2904166354088522,0.34961294319676767
817,20000,200,e,0.05,0.38815,0.2868333645911478,0.33670746896877546
818,20000,200,e,0.1,0.3764,0.28193753125781446,0.3394997803188837
819,20000,200,e,0.15,0.4719,0.6548541354088523,0.37637997667503126
820,20000,200,e,0.2,0.3972,0.2904166354088522,0.3378955136642869
821,20000,200,e,0.25,0.4096,0.2957708645911478,0.4172105435916045
822,20000,200,e,0.3,0.4096,0.2957708645911478,0.4172105435916045
823,20000,200,e,0.35,0.4463,0.3108749687421855,0.35884357197759914
824,20000,200,e,0.4,0.41375,0.2974375104192715,0.3596204237106832
825,20000,200,e,0.45,0.4156,0.6315833645911478,0.42517001067709237
826,20000,200,e,0.5,0.4156,0.6315833645911478,0.42517001067709237
827,20000,200,e,0.55,0.4138,0.2975208645911478,0.34458471605570756
828,20000,200,e,0.6,0.40445,0.6269375312578145,0.4251682693299828
829,20000,200,e,0.65,0.4726,0.3218958229140619,0.3899026424304089
830,20000,200,e,0.7,0.45975,0.31647913540885225,0.35774669143523347
831,20000,200,e,0.75,0.45975,0.31647913540885225,0.3474686229009158
832,20000,200,e,0.8,0.47185,0.32152080207551886,0.36636641822159244
833,20000,200,e,0.85,0.49415,0.6641874895807285,0.46036315072479933
834,20000,200,e,0.9,0.5361,0.34829163540885216,0.3680713135406775
835,20000,200,e,0.95,0.41375,0.2974375104192715,0.3441616823776518
836,20000,200,g,0.05,0.4096,0.2957708645911478,0.41071911389200483
837,20000,200,g,0.1,0.45975,0.31647913540885225,0.36102822206112267
838,20000,200,g,0.15,0.43435,0.30589580207551886,0.3602683072036681
839,20000,200,g,0.2,0.4156,0.6315833645911478,0.42517001067709237
840,20000,200,g,0.25,0.43195,0.30489580207551886,0.4222109799548793
841,20000,200,g,0.3,0.41565,0.6316041979244811,0.42808745019542127
842,20000,200,g,0.35,0.40445,0.6269375312578145,0.4251682693299828
843,20000,200,g,0.4,0.3809,0.6171250312578144,0.4251649500617491
844,20000,200,g,0.45,0.3972,0.2904166354088522,0.34961294319676767
845,20000,200,g,0.5,0.45975,0.31647913540885225,0.35774669143523347
846,20000,200,g,0.55,0.424,0.6349583229140618,0.4603366242990998
847,20000,200,g,0.6,0.40445,0.6269375312578145,0.4251682693299828
848,20000,200,g,0.65,0.42745,0.3032083645911478,0.34715703588691066
849,20000,200,g,0.7,0.4138,0.2975208645911478,0.34458471605570756
850,20000,200,g,0.75,0.47185,0.32152080207551886,0.36636641822159244
851,20000,200,g,0.8,0.4138,0.2975208645911478,0.34458471605570756
852,20000,200,g,0.85,0.4138,0.2975208645911478,0.34458471605570756
853,20000,200,g,0.9,0.3932,0.6222500312578144,0.4251666269222621
854,20000,200,g,0.95,0.4463,0.3108749687421855,0.34712614244511836
855,30000,50,t,0.05,0.478,0.3242778009297846,0.448389234331182
856,30000,50,t,0.1,0.478,0.3242778009297846,0.448389234331182
857,30000,50,t,0.15,0.41096666666666665,0.296347245374229,0.35772742924561624
858,30000,50,t,0.2,0.45153333333333334,0.31325002315200684,0.4387571624072614
859,30000,50,t,0.25,0.41096666666666665,0.296347245374229,0.35772742924561624
860,30000,50,t,0.3,0.45153333333333334,0.31325002315200684,0.4387571624072614
861,30000,50,t,0.35,0.47946666666666665,0.3246388564760793,0.3560145105468788
862,30000,50,t,0.4,0.47946666666666665,0.3246388564760793,0.3560145105468788
863,30000,50,t,0.45,0.45153333333333334,0.31325002315200684,0.4387571624072614
864,30000,50,t,0.5,0.47946666666666665,0.3246388564760793,0.3560145105468788
865,30000,50,t,0.55,0.3998,0.2914444120316349,0.35013098920687197
866,30000,50,t,0.6,0.3998,0.2914444120316349,0.35013098920687197
867,30000,50,t,0.65,0.3998,0.2914444120316349,0.35013098920687197
868,30000,50,t,0.7,0.45153333333333334,0.31325002315200684,0.4387571624072614
869,30000,50,t,0.75,0.45153333333333334,0.31325002315200684,0.4387571624072614
870,30000,50,t,0.8,0.45153333333333334,0.31325002315200684,0.4387571624072614
871,30000,50,t,0.85,0.45153333333333334,0.31325002315200684,0.4387571624072614
872,30000,50,t,0.9,0.45153333333333334,0.31325002315200684,0.4387571624072614
873,30000,50,t,0.95,0.45153333333333334,0.31325002315200684,0.4387571624072614
874,30000,50,e,0.05,0.478,0.3242778009297846,0.448389234331182
875,30000,50,e,0.1,0.478,0.3242778009297846,0.448389234331182
876,30000,50,e,0.15,0.41096666666666665,0.296347245374229,0.35772742924561624
877,30000,50,e,0.2,0.45153333333333334,0.31325002315200684,0.4387571624072614
878,30000,50,e,0.25,0.45153333333333334,0.31325002315200684,0.4387571624072614
879,30000,50,e,0.3,0.47946666666666665,0.3246388564760793,0.3560145105468788
880,30000,50,e,0.35,0.45153333333333334,0.31325002315200684,0.4387571624072614
881,30000,50,e,0.4,0.47946666666666665,0.3246388564760793,0.3560145105468788
882,30000,50,e,0.45,0.3998,0.2914444120316349,0.35013098920687197
883,30000,50,e,0.5,0.45153333333333334,0.31325002315200684,0.4387571624072614
884,30000,50,e,0.55,0.45153333333333334,0.31325002315200684,0.4387571624072614
885,30000,50,e,0.6,0.45153333333333334,0.31325002315200684,0.4387571624072614
886,30000,50,e,0.65,0.45153333333333334,0.31325002315200684,0.4387571624072614
887,30000,50,e,0.7,0.45153333333333334,0.31325002315200684,0.4387571624072614
888,30000,50,e,0.75,0.45153333333333334,0.31325002315200684,0.4387571624072614
889,30000,50,e,0.8,0.45153333333333334,0.31325002315200684,0.4387571624072614
890,30000,50,e,0.85,0.45153333333333334,0.31325002315200684,0.4387571624072614
891,30000,50,e,0.9,0.5783,0.3660694675964513,0.3811896032234903
892,30000,50,e,0.95,0.4565666666666667,0.6484583101813265,0.3363038796340592
893,30000,50,g,0.05,0.45153333333333334,0.31325002315200684,0.4387571624072614
894,30000,50,g,0.1,0.45153333333333334,0.31325002315200684,0.4387571624072614
895,30000,50,g,0.15,0.3998,0.2914444120316349,0.35013098920687197
896,30000,50,g,0.2,0.45153333333333334,0.31325002315200684,0.4387571624072614
897,30000,50,g,0.25,0.45153333333333334,0.31325002315200684,0.4387571624072614
898,30000,50,g,0.3,0.45153333333333334,0.31325002315200684,0.4387571624072614
899,30000,50,g,0.35,0.45153333333333334,0.31325002315200684,0.4387571624072614
900,30000,50,g,0.4,0.45153333333333334,0.31325002315200684,0.4387571624072614
901,30000,50,g,0.45,0.45153333333333334,0.31325002315200684,0.4387571624072614
902,30000,50,g,0.5,0.45153333333333334,0.31325002315200684,0.4387571624072614
903,30000,50,g,0.55,0.45153333333333334,0.31325002315200684,0.4387571624072614
904,30000,50,g,0.6,0.45153333333333334,0.31325002315200684,0.4387571624072614
905,30000,50,g,0.65,0.45153333333333334,0.31325002315200684,0.4387571624072614
906,30000,50,g,0.7,0.45153333333333334,0.31325002315200684,0.4387571624072614
907,30000,50,g,0.75,0.3998,0.2914444120316349,0.35013098920687197
908,30000,50,g,0.8,0.45153333333333334,0.31325002315200684,0.4387571624072614
909,30000,50,g,0.85,0.45153333333333334,0.31325002315200684,0.4387571624072614
910,30000,50,g,0.9,0.5783,0.3660694675964513,0.3811896032234903
911,30000,50,g,0.95,0.5783,0.3660694675964513,0.3811896032234903
912,30000,100,t,0.05,0.4652,0.3188194398140431,0.3512632649772725
913,30000,100,t,0.1,0.37206666666666666,0.2800555601859569,0.336948985409338
914,30000,100,t,0.15,0.40573333333333333,0.2940416620362653,0.3407441310566275
915,30000,100,t,0.2,0.37206666666666666,0.2800555601859569,0.336948985409338
916,30000,100,t,0.25,0.479,0.32456943981404307,0.3533085693187992
917,30000,100,t,0.3,0.4065,0.29440278240817913,0.3445378446700862
918,30000,100,t,0.35,0.4445,0.3102361157415125,0.37227685322518006
919,30000,100,t,0.4,0.4445,0.3102361157415125,0.37227685322518006
920,30000,100,t,0.45,0.4445,0.3102361157415125,0.37227685322518006
921,30000,100,t,0.5,0.4257,0.30240278240817914,0.34823626079448705
922,30000,100,t,0.55,0.37206666666666666,0.2800555601859569,0.336948985409338
923,30000,100,t,0.6,0.40323333333333333,0.6263611157415124,0.4265714247110463
924,30000,100,t,0.65,0.479,0.32456943981404307,0.3577642396551573
925,30000,100,t,0.7,0.4618,0.3174444490748458,0.37820691260632594
926,30000,100,t,0.75,0.4618,0.3174444490748458,0.37820691260632594
927,30000,100,t,0.8,0.4444666666666667,0.31018055092515423,0.3362469050003413
928,30000,100,t,0.85,0.479,0.32456943981404307,0.3713207608805639
929,30000,100,t,0.9,0.479,0.32456943981404307,0.3713207608805639
930,30000,100,t,0.95,0.44876666666666665,0.6453333379637347,0.43097779218151316
931,30000,100,e,0.05,0.4652,0.3188194398140431,0.3512632649772725
932,30000,100,e,0.1,0.37206666666666666,0.2800555601859569,0.336948985409338
933,30000,100,e,0.15,0.5009333333333333,0.33375000463040133,0.38072502531120184
934,30000,100,e,0.2,0.37206666666666666,0.2800555601859569,0.336948985409338
935,30000,100,e,0.25,0.4065,0.29440278240817913,0.3445378446700862
936,30000,100,e,0.3,0.4445,0.3102361157415125,0.37227685322518006
937,30000,100,e,0.35,0.38893333333333335,0.2870833379637347,0.3408341737629623
938,30000,100,e,0.4,0.4257,0.30240278240817914,0.34823626079448705
939,30000,100,e,0.45,0.40323333333333333,0.6263611157415124,0.4265714247110463
940,30000,100,e,0.5,0.4618,0.3174444490748458,0.37820691260632594
941,30000,100,e,0.55,0.4444666666666667,0.31018055092515423,0.3362469050003413
942,30000,100,e,0.6,0.4444666666666667,0.31018055092515423,0.3393792398031958
943,30000,100,e,0.65,0.4383,0.6409722268526236,0.335968075159588
944,30000,100,e,0.7,0.4241,0.3016944398140431,0.3623137030878905
945,30000,100,e,0.75,0.3833666666666667,0.6180416620362653,0.34599377022487704
946,30000,100,e,0.8,0.4241,0.3016944398140431,0.35298903373093876
947,30000,100,e,0.85,0.4241,0.3016944398140431,0.34041761823528605
948,30000,100,e,0.9,0.5209333333333334,0.34204166203626524,0.36889827584341556
949,30000,100,e,0.95,0.4241,0.3016944398140431,0.35298903373093876
950,30000,100,g,0.05,0.4445,0.3102361157415125,0.3515480385065577
951,30000,100,g,0.1,0.4445,0.3102361157415125,0.37227685322518006
952,30000,100,g,0.15,0.4613,0.3171944398140431,0.350638814115743
953,30000,100,g,0.2,0.3879666666666667,0.6200000046304014,0.4265700136233943
954,30000,100,g,0.25,0.4618,0.3174444490748458,0.37820691260632594
955,30000,100,g,0.3,0.479,0.32456943981404307,0.3713207608805639
956,30000,100,g,0.35,0.4444666666666667,0.31018055092515423,0.3393792398031958
957,30000,100,g,0.4,0.479,0.32456943981404307,0.3713207608805639
958,30000,100,g,0.45,0.4444666666666667,0.31018055092515423,0.3393792398031958
959,30000,100,g,0.5,0.4241,0.3016944398140431,0.3623137030878905
960,30000,100,g,0.55,0.46676666666666666,0.3194722175918209,0.34761979192257747
961,30000,100,g,0.6,0.3833666666666667,0.6180416620362653,0.34599377022487704
962,30000,100,g,0.65,0.4444666666666667,0.31018055092515423,0.35016475792551277
963,30000,100,g,0.7,0.4241,0.3016944398140431,0.3487571818624839
964,30000,100,g,0.75,0.4241,0.3016944398140431,0.3623137030878905
965,30000,100,g,0.8,0.5209666666666667,0.3420972268526235,0.36695830269598373
966,30000,100,g,0.85,0.5209333333333334,0.34204166203626524,0.36889827584341556
967,30000,100,g,0.9,0.4382666666666667,0.6409166620362653,0.3635975664584383
968,30000,100,g,0.95,0.5209666666666667,0.3420972268526235,0.383283859203678
969,30000,200,t,0.05,0.483,0.3261944305532403,0.3661309690700952
970,30000,200,t,0.1,0.4030666666666667,0.29301390278009304,0.4234859408795963
971,30000,200,t,0.15,0.37966666666666665,0.283055523142746,0.33565393284597933
972,30000,200,t,0.2,0.483,0.3261944305532403,0.35690989110617677
973,30000,200,t,0.25,0.37983333333333336,0.28333334722453746,0.33576356260244267
974,30000,200,t,0.3,0.37983333333333336,0.28333334722453746,0.33576356260244267
975,30000,200,t,0.35,0.37966666666666665,0.283055523142746,0.33565393284597933
976,30000,200,t,0.4,0.4436333333333333,0.30970830092052376,0.34820358658122835
977,30000,200,t,0.45,0.4438,0.3097777453649682,0.36677753322665474
978,30000,200,t,0.5,0.4086666666666667,0.6285416527754626,0.42580360565668957
979,30000,200,t,0.55,0.4421333333333333,0.642486097219907,0.42548509302603715
980,30000,200,t,0.6,0.44103333333333333,0.30516586560723086,0.3678176383952268
981,30000,200,t,0.65,0.4363,0.3068611250023152,0.34711934044146897
982,30000,200,t,0.7,0.4439666666666667,0.31005556944675966,0.34365301278417365
983,30000,200,t,0.75,0.4439666666666667,0.6433333379637347,0.3515297257951125
984,30000,200,t,0.8,0.42766666666666664,0.3031388749976848,0.34797997807511316
985,30000,200,t,0.85,0.42766666666666664,0.3031388749976848,0.3687178647046973
986,30000,200,t,0.9,0.4422,0.30931945833564856,0.44194715888526964
987,30000,200,t,0.95,0.41323333333333334,0.6304444305532404,0.42091467541809746
988,30000,200,e,0.05,0.483,0.3261944305532403,0.3661309690700952
989,30000,200,e,0.1,0.483,0.3261944305532403,0.3661309690700952
990,30000,200,e,0.15,0.37966666666666665,0.283055523142746,0.33565393284597933
991,30000,200,e,0.2,0.37983333333333336,0.28333334722453746,0.33576356260244267
992,30000,200,e,0.25,0.37983333333333336,0.28333334722453746,0.33576356260244267
993,30000,200,e,0.3,0.37966666666666665,0.283055523142746,0.33565393284597933
994,30000,200,e,0.35,0.41323333333333334,0.6304444305532404,0.42091467541809746
995,30000,200,e,0.4,0.45493333333333336,0.31449998610879587,0.3549836949171337
996,30000,200,e,0.45,0.44103333333333333,0.30516586560723086,0.3678176383952268
997,30000,200,e,0.5,0.4439666666666667,0.31005556944675966,0.34365301278417365
998,30000,200,e,0.55,0.44103333333333333,0.30516586560723086,0.3678176383952268
999,30000,200,e,0.6,0.42766666666666664,0.3031388749976848,0.35031189298122034
1000,30000,200,e,0.65,0.4439666666666667,0.31005556944675966,0.3588318900408303
1001,30000,200,e,0.7,0.4218,0.6340138749976848,0.42092043110164706
1002,30000,200,e,0.75,0.4439666666666667,0.31005556944675966,0.34365301278417365
1003,30000,200,e,0.8,0.40103333333333335,0.29216668055787076,0.4315979043876883
1004,30000,200,e,0.85,0.4439666666666667,0.31005556944675966,0.34365301278417365
1005,30000,200,e,0.9,0.49623333333333336,0.33170831944212925,0.3538562846635614
1006,30000,200,e,0.95,0.3899,0.28752779166898185,0.4261372421684139
1007,30000,200,g,0.05,0.37983333333333336,0.28333334722453746,0.33576356260244267
1008,30000,200,g,0.1,0.4395,0.30260988405474987,0.36358179030712606
1009,30000,200,g,0.15,0.4439666666666667,0.31005556944675966,0.3700174070813447
1010,30000,200,g,0.2,0.4439666666666667,0.31005556944675966,0.34365301278417365
1011,30000,200,g,0.25,0.4438,0.3097777453649682,0.36989357957924646
1012,30000,200,g,0.3,0.49623333333333336,0.33170831944212925,0.3794884133434557
1013,30000,200,g,0.35,0.42766666666666664,0.3031388749976848,0.35031189298122034
1014,30000,200,g,0.4,0.38006666666666666,0.28330554166435146,0.3333241083607353
1015,30000,200,g,0.45,0.41323333333333334,0.6304444305532404,0.4123546264483117
1016,30000,200,g,0.5,0.4133,0.2972777916689819,0.44194715888526964
1017,30000,200,g,0.55,0.4438,0.3097777453649682,0.36146447453701386
1018,30000,200,g,0.6,0.4367,0.1821667129706803,0.22893967058340295
1019,30000,200,g,0.65,0.4694333333333333,0.3205416527754626,0.3756530801095998
1020,30000,200,g,0.7,0.4800333333333333,0.20022226852623584,0.23562569896637744
1021,30000,200,g,0.75,0.4382333333333333,0.3004984210331352,0.34718932575957684
1022,30000,200,g,0.8,0.49623333333333336,0.33170831944212925,0.3646583403145685
1023,30000,200,g,0.85,0.41323333333333334,0.6304444305532404,0.4137053923572196
1024,30000,200,g,0.9,0.49623333333333336,0.33170831944212925,0.37369319315137756
1025,30000,200,g,0.95,0.42766666666666664,0.3031388749976848,0.35031189298122034
1026,40000,50,t,0.05,0.367825,0.45593946363984866,0.3333363443243595
1027,40000,50,t,0.1,0.44135,0.4804490224511226,0.3333371075724601
1028,40000,50,t,0.15,0.4676,0.4891994599729987,0.3333381675347831
1029,40000,50,t,0.2,0.367825,0.45593946363984866,0.3333387194704491
1030,40000,50,t,0.25,0.44135,0.4804490224511226,0.3333371075724601
1031,40000,50,t,0.3,0.388575,0.7961814757404536,0.3333901911004453
1032,40000,50,t,0.35,0.388575,0.7961814757404536,0.3333901911004453
1033,40000,50,t,0.4,0.44135,0.4804490224511226,0.3333371075724601
1034,40000,50,t,0.45,0.367825,0.45593946363984866,0.3333387194704491
1035,40000,50,t,0.5,0.367825,0.45593946363984866,0.3333387194704491
1036,40000,50,t,0.55,0.367825,0.45593946363984866,0.3333387194704491
1037,40000,50,t,0.6,0.44135,0.4804490224511226,0.3333371075724601
1038,40000,50,t,0.65,0.44135,0.4804490224511226,0.3333371075724601
1039,40000,50,t,0.7,0.367825,0.45593946363984866,0.3333387194704491
1040,40000,50,t,0.75,0.367825,0.45593946363984866,0.3333387194704491
1041,40000,50,t,0.8,0.477825,0.49260796373151994,0.3333604148118469
1042,40000,50,t,0.85,0.477825,0.49260796373151994,0.3333604148118469
1043,40000,50,t,0.9,0.477825,0.49260796373151994,0.3333604148118469
1044,40000,50,t,0.95,0.477825,0.49260796373151994,0.3333604148118469
1045,40000,50,e,0.05,0.367825,0.45593946363984866,0.3333363443243595
1046,40000,50,e,0.1,0.44135,0.4804490224511226,0.3333371075724601
1047,40000,50,e,0.15,0.4676,0.4891994599729987,0.3333381675347831
1048,40000,50,e,0.2,0.44135,0.4804490224511226,0.3333371075724601
1049,40000,50,e,0.25,0.388575,0.7961814757404536,0.3333901911004453
1050,40000,50,e,0.3,0.388575,0.7961814757404536,0.3333901911004453
1051,40000,50,e,0.35,0.44135,0.4804490224511226,0.3333371075724601
1052,40000,50,e,0.4,0.367825,0.45593946363984866,0.3333387194704491
1053,40000,50,e,0.45,0.44135,0.4804490224511226,0.3333371075724601
1054,40000,50,e,0.5,0.367825,0.45593946363984866,0.3333387194704491
1055,40000,50,e,0.55,0.477825,0.49260796373151994,0.3333604148118469
1056,40000,50,e,0.6,0.477825,0.49260796373151994,0.3333604148118469
1057,40000,50,e,0.65,0.477825,0.49260796373151994,0.3333604148118469
1058,40000,50,e,0.7,0.477825,0.49260796373151994,0.3333604148118469
1059,40000,50,e,0.75,0.477825,0.49260796373151994,0.3333604148118469
1060,40000,50,e,0.8,0.477825,0.49260796373151994,0.3333604148118469
1061,40000,50,e,0.85,0.620925,0.5403103488507759,0.3333644341113857
1062,40000,50,e,0.9,0.620925,0.5403103488507759,0.3333644341113857
1063,40000,50,e,0.95,0.73225,0.24409553811023885,0.33331057399062314
1064,40000,50,g,0.05,0.388575,0.7961814757404536,0.3333901911004453
1065,40000,50,g,0.1,0.367825,0.45593946363984866,0.3333387194704491
1066,40000,50,g,0.15,0.367825,0.45593946363984866,0.3333387194704491
1067,40000,50,g,0.2,0.367825,0.45593946363984866,0.3333387194704491
1068,40000,50,g,0.25,0.367825,0.45593946363984866,0.3333387194704491
1069,40000,50,g,0.3,0.477825,0.49260796373151994,0.3333604148118469
1070,40000,50,g,0.35,0.477825,0.49260796373151994,0.3333604148118469
1071,40000,50,g,0.4,0.477825,0.49260796373151994,0.3333604148118469
1072,40000,50,g,0.45,0.477825,0.49260796373151994,0.3333604148118469
1073,40000,50,g,0.5,0.477825,0.49260796373151994,0.3333604148118469
1074,40000,50,g,0.55,0.477825,0.49260796373151994,0.3333604148118469
1075,40000,50,g,0.6,0.477825,0.49260796373151994,0.3333604148118469
1076,40000,50,g,0.65,0.477825,0.49260796373151994,0.3333604148118469
1077,40000,50,g,0.7,0.477825,0.49260796373151994,0.3333604148118469
1078,40000,50,g,0.75,0.620925,0.5403103488507759,0.3333644341113857
1079,40000,50,g,0.8,0.620925,0.5403103488507759,0.3333644341113857
1080,40000,50,g,0.85,0.4676,0.4891994599729987,0.3333446570055781
1081,40000,50,g,0.9,0.620925,0.5403103488507759,0.3333644341113857
1082,40000,50,g,0.95,0.395275,0.4650899211627248,0.3333431466298565
1083,40000,100,t,0.05,0.4491,0.48303248495758117,0.33333757440259326
1084,40000,100,t,0.1,0.351375,0.45045585612613964,0.33333473440486533
1085,40000,100,t,0.15,0.4491,0.48303248495758117,0.33333757440259326
1086,40000,100,t,0.2,0.4491,0.48303248495758117,0.3333398951275122
1087,40000,100,t,0.25,0.4491,0.48303248495758117,0.3333398951275122
1088,40000,100,t,0.3,0.4491,0.48303248495758117,0.33333757440259326
1089,40000,100,t,0.35,0.444675,0.48155741120389356,0.33333830940727777
1090,40000,100,t,0.4,0.404975,0.4683234161708085,0.33333647228386104
1091,40000,100,t,0.45,0.4491,0.48303248495758117,0.333368601913685
1092,40000,100,t,0.5,0.4491,0.48303248495758117,0.333368601913685
1093,40000,100,t,0.55,0.444675,0.48155741120389356,0.33333830940727777
1094,40000,100,t,0.6,0.444675,0.48155741120389356,0.33333830940727777
1095,40000,100,t,0.65,0.444675,0.48155741120389356,0.33333830940727777
1096,40000,100,t,0.7,0.351375,0.45045585612613964,0.33333473440486533
1097,40000,100,t,0.75,0.351375,0.45045585612613964,0.33333473440486533
1098,40000,100,t,0.8,0.444675,0.48155741120389356,0.33333830940727777
1099,40000,100,t,0.85,0.444675,0.48155741120389356,0.33333830940727777
1100,40000,100,t,0.9,0.444675,0.48155741120389356,0.33333830940727777
1101,40000,100,t,0.95,0.444675,0.48155741120389356,0.33333830940727777
1102,40000,100,e,0.05,0.4491,0.48303248495758117,0.33333757440259326
1103,40000,100,e,0.1,0.351375,0.45045585612613964,0.33333473440486533
1104,40000,100,e,0.15,0.4491,0.48303248495758117,0.33333757440259326
1105,40000,100,e,0.2,0.4491,0.48303248495758117,0.3333398951275122
1106,40000,100,e,0.25,0.444675,0.48155741120389356,0.33333830940727777
1107,40000,100,e,0.3,0.444675,0.48155741120389356,0.33333830940727777
1108,40000,100,e,0.35,0.444675,0.48155741120389356,0.33333600587256546
1109,40000,100,e,0.4,0.444675,0.48155741120389356,0.33333830940727777
1110,40000,100,e,0.45,0.444675,0.48155741120389356,0.33333830940727777
1111,40000,100,e,0.5,0.351375,0.45045585612613964,0.33333473440486533
1112,40000,100,e,0.55,0.444675,0.48155741120389356,0.33333830940727777
1113,40000,100,e,0.6,0.351375,0.45045585612613964,0.33333473440486533
1114,40000,100,e,0.65,0.444675,0.48155741120389356,0.33333830940727777
1115,40000,100,e,0.7,0.444675,0.48155741120389356,0.33333830940727777
1116,40000,100,e,0.75,0.351375,0.45045585612613964,0.33333473440486533
1117,40000,100,e,0.8,0.351375,0.45045585612613964,0.33333473440486533
1118,40000,100,e,0.85,0.4491,0.48303248495758117,0.333368601913685
1119,40000,100,e,0.9,0.4491,0.48303248495758117,0.333368601913685
1120,40000,100,e,0.95,0.444675,0.48155741120389356,0.33333830940727777
1121,40000,100,g,0.05,0.4491,0.48303248495758117,0.33333757440259326
1122,40000,100,g,0.1,0.4491,0.48303248495758117,0.333368601913685
1123,40000,100,g,0.15,0.444675,0.48155741120389356,0.33333830940727777
1124,40000,100,g,0.2,0.351375,0.45045585612613964,0.33333473440486533
1125,40000,100,g,0.25,0.351375,0.45045585612613964,0.33333473440486533
1126,40000,100,g,0.3,0.444675,0.48155741120389356,0.33333830940727777
1127,40000,100,g,0.35,0.444675,0.48155741120389356,0.33333830940727777
1128,40000,100,g,0.4,0.351375,0.45045585612613964,0.33333473440486533
1129,40000,100,g,0.45,0.444675,0.48155741120389356,0.33333830940727777
1130,40000,100,g,0.5,0.444675,0.48155741120389356,0.33333830940727777
1131,40000,100,g,0.55,0.444675,0.48155741120389356,0.33333830940727777
1132,40000,100,g,0.6,0.444675,0.48155741120389356,0.33333830940727777
1133,40000,100,g,0.65,0.444675,0.48155741120389356,0.33333830940727777
1134,40000,100,g,0.7,0.351375,0.45045585612613964,0.33333473440486533
1135,40000,100,g,0.75,0.351375,0.45045585612613964,0.33333473440486533
1136,40000,100,g,0.8,0.4491,0.48303248495758117,0.3333353551054525
1137,40000,100,g,0.85,0.4491,0.48303248495758117,0.333368601913685
1138,40000,100,g,0.9,0.4491,0.48303248495758117,0.3333398951275122
1139,40000,100,g,0.95,0.4491,0.48303248495758117,0.33333757440259326
1140,40000,200,t,0.05,0.34715,0.44904745237261867,0.33333338009968094
1141,40000,200,t,0.1,0.46105,0.48701601746754003,0.3333384470545337
1142,40000,200,t,0.15,0.44165,0.48054902745137257,0.3333363527612195
1143,40000,200,t,0.2,0.46105,0.48701601746754003,0.3333576836625247
1144,40000,200,t,0.25,0.36665,0.4555477773888694,0.33333780037165833
1145,40000,200,t,0.3,0.380725,0.46023967865059917,0.3333378479091589
1146,40000,200,t,0.35,0.397,0.46566494991416235,0.33334066075237484
1147,40000,200,t,0.4,0.429475,0.4764904911912262,0.33336342249783596
1148,40000,200,t,0.45,0.45045,0.4834825074587063,0.33333756162066536
1149,40000,200,t,0.5,0.397,0.46566494991416235,0.33334047433847647
1150,40000,200,t,0.55,0.45045,0.4834825074587063,0.33333756162066536
1151,40000,200,t,0.6,0.429475,0.4764904911912262,0.3333371182038063
1152,40000,200,t,0.65,0.415875,0.47195693117989235,0.3333337226009477
1153,40000,200,t,0.7,0.46105,0.48701601746754003,0.3333384470545337
1154,40000,200,t,0.75,0.415875,0.47195693117989235,0.33333667067006556
1155,40000,200,t,0.8,0.415875,0.47195693117989235,0.3333396979012599
1156,40000,200,t,0.85,0.415875,0.47195693117989235,0.3333396979012599
1157,40000,200,t,0.9,0.51605,0.8386752670966882,0.3334092286734241
1158,40000,200,t,0.95,0.48315,0.49438305248595765,0.3333424880519719
1159,40000,200,e,0.05,0.34715,0.44904745237261867,0.33333338009968094
1160,40000,200,e,0.1,0.46105,0.48701601746754003,0.3333384470545337
1161,40000,200,e,0.15,0.45045,0.4834825074587063,0.33334483901591655
1162,40000,200,e,0.2,0.46105,0.48701601746754003,0.3333467735710523
1163,40000,200,e,0.25,0.380725,0.46023967865059917,0.3333378479091589
1164,40000,200,e,0.3,0.397,0.46566494991416235,0.33334066075237484
1165,40000,200,e,0.35,0.429475,0.4764904911912262,0.33336342249783596
1166,40000,200,e,0.4,0.45045,0.4834825074587063,0.3333358240788971
1167,40000,200,e,0.45,0.423725,0.8078987282697468,0.3334032533731119
1168,40000,200,e,0.5,0.46105,0.48701601746754003,0.3333384470545337
1169,40000,200,e,0.55,0.415875,0.47195693117989235,0.3333396979012599
1170,40000,200,e,0.6,0.51605,0.8386752670966882,0.3334092286734241
1171,40000,200,e,0.65,0.423725,0.8078987282697468,0.3334032533731119
1172,40000,200,e,0.7,0.359375,0.4531226561328066,0.33333654756780023
1173,40000,200,e,0.75,0.475175,0.825049585812624,0.3334062014422297
1174,40000,200,e,0.8,0.447125,0.8156991182892478,0.33339913375619107
1175,40000,200,e,0.85,0.415875,0.47195693117989235,0.3333396979012599
1176,40000,200,e,0.9,0.40795,0.4693151324232878,0.3333360943991786
1177,40000,200,e,0.95,0.434675,0.8115489107788724,0.3334038167972239
1178,40000,200,g,0.05,0.380725,0.46023967865059917,0.3333378479091589
1179,40000,200,g,0.1,0.428275,0.47609047119022624,0.33333660373633817
1180,40000,200,g,0.15,0.465025,0.8216660833041652,0.33340555433899216
1181,40000,200,g,0.2,0.415875,0.47195693117989235,0.3333337226009477
1182,40000,200,g,0.25,0.47245,0.4908162074770405,0.3333438265517236
1183,40000,200,g,0.3,0.40795,0.4693151324232878,0.3333401013375386
1184,40000,200,g,0.35,0.45045,0.4834825074587063,0.33334123595509735
1185,40000,200,g,0.4,0.47245,0.4908162074770405,0.3333651874823434
1186,40000,200,g,0.45,0.40795,0.4693151324232878,0.3333410377625885
1187,40000,200,g,0.5,0.45045,0.4834825074587063,0.33334123595509735
1188,40000,200,g,0.55,0.415875,0.47195693117989235,0.3333396979012599
1189,40000,200,g,0.6,0.429475,0.4764904911912262,0.33337168986270044
1190,40000,200,g,0.65,0.45045,0.4834825074587063,0.33333820872390296
1191,40000,200,g,0.7,0.429475,0.4764904911912262,0.33333396787034664
1192,40000,200,g,0.75,0.47245,0.4908162074770405,0.3333438265517236
1193,40000,200,g,0.8,0.415875,0.47195693117989235,0.3333396979012599
1194,40000,200,g,0.85,0.47245,0.4908162074770405,0.3333651874823434
1195,40000,200,g,0.9,0.415875,0.47195693117989235,0.3333396979012599
1196,40000,200,g,0.95,0.40795,0.4693151324232878,0.3333360943991786
1197,50000,50,t,0.05,0.41952,0.4731683901034062,0.33336601787844616
1198,50000,50,t,0.1,0.41952,0.4731683901034062,0.3333691179101807
1199,50000,50,t,0.15,0.41952,0.4731683901034062,0.3333691179101807
1200,50000,50,t,0.2,0.41952,0.4731683901034062,0.3333691179101807
1201,50000,50,t,0.25,0.41952,0.4731683901034062,0.3333691179101807
1202,50000,50,t,0.3,0.41952,0.4731683901034062,0.3333691179101807
1203,50000,50,t,0.35,0.44744,0.1491556160036269,0.3332886405959032
1204,50000,50,t,0.4,0.39082,0.4636011494022975,0.3333691179101807
1205,50000,50,t,0.45,0.39082,0.4636011494022975,0.3333691179101807
1206,50000,50,t,0.5,0.39708,0.1323679420765246,0.3332829732588004
1207,50000,50,t,0.55,0.43658,0.1455353987905941,0.33328752900940517
1208,50000,50,t,0.6,0.35054,0.45017367708729195,0.3333717380033412
1209,50000,50,t,0.65,0.39082,0.4636011494022975,0.3333691179101807
1210,50000,50,t,0.7,0.39082,0.4636011494022975,0.3333691179101807
1211,50000,50,t,0.75,0.39082,0.4636011494022975,0.3333691179101807
1212,50000,50,t,0.8,0.39082,0.4636011494022975,0.3333691179101807
1213,50000,50,t,0.85,0.39082,0.4636011494022975,0.3333691179101807
1214,50000,50,t,0.9,0.39082,0.4636011494022975,0.3333691179101807
1215,50000,50,t,0.95,0.39082,0.4636011494022975,0.3333691179101807
1216,50000,50,e,0.05,0.41952,0.4731683901034062,0.33336601787844616
1217,50000,50,e,0.1,0.41952,0.4731683901034062,0.3333691179101807
1218,50000,50,e,0.15,0.41952,0.4731683901034062,0.3333691179101807
1219,50000,50,e,0.2,0.41952,0.4731683901034062,0.3333691179101807
1220,50000,50,e,0.25,0.41952,0.4731683901034062,0.3333691179101807
1221,50000,50,e,0.3,0.44744,0.1491556160036269,0.3332886405959032
1222,50000,50,e,0.35,0.39082,0.4636011494022975,0.3333691179101807
1223,50000,50,e,0.4,0.39708,0.1323679420765246,0.3332829732588004
1224,50000,50,e,0.45,0.35054,0.45017367708729195,0.3333717380033412
1225,50000,50,e,0.5,0.39082,0.4636011494022975,0.3333691179101807
1226,50000,50,e,0.55,0.39082,0.4636011494022975,0.3333691179101807
1227,50000,50,e,0.6,0.39082,0.4636011494022975,0.3333691179101807
1228,50000,50,e,0.65,0.39082,0.4636011494022975,0.3333691179101807
1229,50000,50,e,0.7,0.39082,0.4636011494022975,0.3333691179101807
1230,50000,50,e,0.75,0.41952,0.4731683901034062,0.3333691179101807
1231,50000,50,e,0.8,0.52586,0.5086171836976886,0.33337139377331204
1232,50000,50,e,0.85,0.52586,0.5086171836976886,0.33337754199823166
1233,50000,50,e,0.9,0.52586,0.5086171836976886,0.33337139377331204
1234,50000,50,e,0.95,0.73116,0.24373462407744464,0.33330598178386805
1235,50000,50,g,0.05,0.41952,0.4731683901034062,0.3333691179101807
1236,50000,50,g,0.1,0.39082,0.4636011494022975,0.3333691179101807
1237,50000,50,g,0.15,0.43658,0.1455353987905941,0.33328752900940517
1238,50000,50,g,0.2,0.39082,0.4636011494022975,0.3333691179101807
1239,50000,50,g,0.25,0.39082,0.4636011494022975,0.3333691179101807
1240,50000,50,g,0.3,0.39082,0.4636011494022975,0.3333691179101807
1241,50000,50,g,0.35,0.39082,0.4636011494022975,0.3333691179101807
1242,50000,50,g,0.4,0.39082,0.4636011494022975,0.3333691179101807
1243,50000,50,g,0.45,0.39082,0.4636011494022975,0.3333691179101807
1244,50000,50,g,0.5,0.39082,0.4636011494022975,0.3333691179101807
1245,50000,50,g,0.55,0.52586,0.5086171836976886,0.33337139377331204
1246,50000,50,g,0.6,0.41952,0.4731683901034062,0.3333691179101807
1247,50000,50,g,0.65,0.52586,0.5086171836976886,0.33337139377331204
1248,50000,50,g,0.7,0.52586,0.5086171836976886,0.33337139377331204
1249,50000,50,g,0.75,0.52586,0.5086171836976886,0.33337139377331204
1250,50000,50,g,0.8,0.4853,0.1617763732490616,0.33329212680621945
1251,50000,50,g,0.85,0.52586,0.5086171836976886,0.33337139377331204
1252,50000,50,g,0.9,0.52586,0.5086171836976886,0.33337139377331204
1253,50000,50,g,0.95,0.43658,0.1455353987905941,0.33328752900940517
1254,50000,100,t,0.05,0.49464,0.16488989339360363,0.3332929047907823
1255,50000,100,t,0.1,0.38824,0.1294210985992493,0.333281826766246
1256,50000,100,t,0.15,0.38824,0.1294210985992493,0.333281826766246
1257,50000,100,t,0.2,0.40402,0.13468141421818644,0.333283838183858
1258,50000,100,t,0.25,0.45012,0.4833690021401284,0.3333781603012372
1259,50000,100,t,0.3,0.45012,0.4833690021401284,0.3333781603012372
1260,50000,100,t,0.35,0.43942,0.14648212226066898,0.3332878250053093
1261,50000,100,t,0.4,0.45012,0.4833690021401284,0.3333781603012372
1262,50000,100,t,0.45,0.45012,0.4833690021401284,0.3333781603012372
1263,50000,100,t,0.5,0.45012,0.4833690021401284,0.3333781603012372
1264,50000,100,t,0.55,0.3525,0.45082704962297737,0.3333781603012372
1265,50000,100,t,0.6,0.36952,0.456500723376736,0.3333781603012372
1266,50000,100,t,0.65,0.47646,0.1588295297717863,0.33329136237723495
1267,50000,100,t,0.7,0.43942,0.14648212226066898,0.3332878250053093
1268,50000,100,t,0.75,0.4869,0.49562973778426705,0.3333781603012372
1269,50000,100,t,0.8,0.47646,0.1588295297717863,0.33329136237723495
1270,50000,100,t,0.85,0.38824,0.1294210985992493,0.333281826766246
1271,50000,100,t,0.9,0.3525,0.45082704962297737,0.3333781603012372
1272,50000,100,t,0.95,0.46934,0.48977605322986045,0.33336767104472487
1273,50000,100,e,0.05,0.49464,0.16488989339360363,0.3332929047907823
1274,50000,100,e,0.1,0.38824,0.1294210985992493,0.333281826766246
1275,50000,100,e,0.15,0.38824,0.1294210985992493,0.333281826766246
1276,50000,100,e,0.2,0.46934,0.48977605322986045,0.3333831589436971
1277,50000,100,e,0.25,0.45012,0.4833690021401284,0.3333781603012372
1278,50000,100,e,0.3,0.38824,0.1294210985992493,0.333281826766246
1279,50000,100,e,0.35,0.45012,0.4833690021401284,0.3333781603012372
1280,50000,100,e,0.4,0.45012,0.4833690021401284,0.3333781603012372
1281,50000,100,e,0.45,0.36952,0.456500723376736,0.3333781603012372
1282,50000,100,e,0.5,0.43942,0.14648212226066898,0.3332878250053093
1283,50000,100,e,0.55,0.47646,0.1588295297717863,0.33329136237723495
1284,50000,100,e,0.6,0.46934,0.48977605322986045,0.3333781603012372
1285,50000,100,e,0.65,0.3713,0.4570940923122054,0.3333781603012372
1286,50000,100,e,0.7,0.42152,0.14051509757252104,0.33328589275266063
1287,50000,100,e,0.75,0.47646,0.1588295297717863,0.33329136237723495
1288,50000,100,e,0.8,0.4869,0.49562973778426705,0.3333781603012372
1289,50000,100,e,0.85,0.36952,0.456500723376736,0.3333781603012372
1290,50000,100,e,0.9,0.36952,0.456500723376736,0.3333781603012372
1291,50000,100,e,0.95,0.62086,0.20696575127841002,0.33330112306469967
1292,50000,100,g,0.05,0.4296,0.47652859171550294,0.3333781603012372
1293,50000,100,g,0.1,0.45012,0.4833690021401284,0.3333781603012372
1294,50000,100,g,0.15,0.46934,0.48977605322986045,0.3333806079515908
1295,50000,100,g,0.2,0.42152,0.14051509757252104,0.33328589275266063
1296,50000,100,g,0.25,0.4869,0.49562973778426705,0.3333781603012372
1297,50000,100,g,0.3,0.60576,0.20193211592695562,0.3333003202271302
1298,50000,100,g,0.35,0.46934,0.48977605322986045,0.33336767104472487
1299,50000,100,g,0.4,0.42152,0.14051509757252104,0.33328589275266063
1300,50000,100,g,0.45,0.3713,0.4570940923122054,0.3333781603012372
1301,50000,100,g,0.5,0.42152,0.14051509757252104,0.33328589275266063
1302,50000,100,g,0.55,0.3713,0.4570940923122054,0.3333781603012372
1303,50000,100,g,0.6,0.42152,0.14051509757252104,0.33328589275266063
1304,50000,100,g,0.65,0.3713,0.4570940923122054,0.3333781603012372
1305,50000,100,g,0.7,0.42152,0.14051509757252104,0.33328589275266063
1306,50000,100,g,0.75,0.42152,0.14051509757252104,0.33328589275266063
1307,50000,100,g,0.8,0.43942,0.14648212226066898,0.3332878250053093
1308,50000,100,g,0.85,0.4212,0.4737284237054223,0.3333781603012372
1309,50000,100,g,0.9,0.4105,0.4701615430259149,0.3333781603012372
1310,50000,100,g,0.95,0.42152,0.14051509757252104,0.33328589275266063
1311,50000,200,t,0.05,0.48304,0.49434299391296815,0.3333694611535613
1312,50000,200,t,0.1,0.47256,0.490849450967058,0.3333694611535613
1313,50000,200,t,0.15,0.40226,0.13409471234940765,0.3332836216610327
1314,50000,200,t,0.2,0.369,0.12300738044282657,0.3332791416029914
1315,50000,200,t,0.25,0.35806,0.11936049496303112,0.33327748613127817
1316,50000,200,t,0.3,0.46106,0.15369588841997187,0.33328996067545685
1317,50000,200,t,0.35,0.47256,0.490849450967058,0.3333707928302523
1318,50000,200,t,0.4,0.44992,0.4833023314732217,0.3333679401993355
1319,50000,200,t,0.45,0.35388,0.4512870772246335,0.3333736835734173
1320,50000,200,t,0.5,0.46134,0.48710922655359323,0.3333705648013701
1321,50000,200,t,0.55,0.4122,0.4707282436946217,0.3333694611535613
1322,50000,200,t,0.6,0.46134,0.48710922655359323,0.3333660339104985
1323,50000,200,t,0.65,0.46134,0.48710922655359323,0.3333705648013701
1324,50000,200,t,0.7,0.46134,0.48710922655359323,0.3333705648013701
1325,50000,200,t,0.75,0.46134,0.48710922655359323,0.3333705648013701
1326,50000,200,t,0.8,0.46134,0.48710922655359323,0.3333705648013701
1327,50000,200,t,0.85,0.46134,0.48710922655359323,0.3333716035208572
1328,50000,200,t,0.9,0.46134,0.48710922655359323,0.3333716035208572
1329,50000,200,t,0.95,0.46134,0.48710922655359323,0.3333716035208572
1330,50000,200,e,0.05,0.48304,0.49434299391296815,0.3333694611535613
1331,50000,200,e,0.1,0.47256,0.490849450967058,0.3333694611535613
1332,50000,200,e,0.15,0.40226,0.13409471234940765,0.3332836216610327
1333,50000,200,e,0.2,0.47256,0.490849450967058,0.3333716035208572
1334,50000,200,e,0.25,0.35806,0.11936049496303112,0.33327748613127817
1335,50000,200,e,0.3,0.47256,0.490849450967058,0.3333701007427017
1336,50000,200,e,0.35,0.44992,0.4833023314732217,0.3333824504531054
1337,50000,200,e,0.4,0.46134,0.48710922655359323,0.3333705648013701
1338,50000,200,e,0.45,0.46134,0.48710922655359323,0.3333705648013701
1339,50000,200,e,0.5,0.46134,0.48710922655359323,0.3333705648013701
1340,50000,200,e,0.55,0.46134,0.48710922655359323,0.3333705648013701
1341,50000,200,e,0.6,0.46134,0.48710922655359323,0.3333716035208572
1342,50000,200,e,0.65,0.35806,0.11936049496303112,0.33327748613127817
1343,50000,200,e,0.7,0.35114,0.45037368908801195,0.3333768465939995
1344,50000,200,e,0.75,0.40226,0.13409471234940765,0.3332836216610327
1345,50000,200,e,0.8,0.40226,0.13409471234940765,0.3332836216610327
1346,50000,200,e,0.85,0.35806,0.11936049496303112,0.33327748613127817
1347,50000,200,e,0.9,0.43778,0.1459354227920342,0.3332876545465619
1348,50000,200,e,0.95,0.52474,0.5082438279630112,0.3333705648013701
1349,50000,200,g,0.05,0.4122,0.4707282436946217,0.3333664744482004
1350,50000,200,g,0.1,0.40226,0.13409471234940765,0.3332836216610327
1351,50000,200,g,0.15,0.46134,0.48710922655359323,0.3333836934078662
1352,50000,200,g,0.2,0.35388,0.4512870772246335,0.3333736835734173
1353,50000,200,g,0.25,0.46134,0.48710922655359323,0.3333705648013701
1354,50000,200,g,0.3,0.46134,0.48710922655359323,0.3333716035208572
1355,50000,200,g,0.35,0.46134,0.48710922655359323,0.3333716035208572
1356,50000,200,g,0.4,0.46134,0.48710922655359323,0.3333716035208572
1357,50000,200,g,0.45,0.46134,0.48710922655359323,0.3333705648013701
1358,50000,200,g,0.5,0.40226,0.13409471234940765,0.3332836216610327
1359,50000,200,g,0.55,0.4122,0.4707282436946217,0.3333736835734173
1360,50000,200,g,0.6,0.4122,0.4707282436946217,0.3333836934078662
1361,50000,200,g,0.65,0.4122,0.4707282436946217,0.3333768465939995
1362,50000,200,g,0.7,0.4122,0.4707282436946217,0.3333705648013701
1363,50000,200,g,0.75,0.43778,0.1459354227920342,0.3332876545465619
1364,50000,200,g,0.8,0.46134,0.48710922655359323,0.3333705648013701
1365,50000,200,g,0.85,0.35806,0.11936049496303112,0.33327748613127817
1366,50000,200,g,0.9,0.36986,0.45661406351047734,0.3333768465939995
1367,50000,200,g,0.95,0.53892,0.5129707782466948,0.3333783358084695
