,data size,granules number,relation type,ksi,accuracy,recall,precision,noise percentage
0,1000,50,t,0.05,1.0,1.0,1.0,0.604
1,1000,50,t,0.1,1.0,1.0,1.0,0.604
2,1000,50,t,0.15,1.0,1.0,1.0,0.604
3,1000,50,t,0.2,1.0,1.0,1.0,0.604
4,1000,50,t,0.25,1.0,1.0,1.0,0.604
5,1000,50,t,0.3,1.0,1.0,1.0,0.604
6,1000,50,t,0.35,1.0,1.0,1.0,0.604
7,1000,50,t,0.4,1.0,1.0,1.0,0.604
8,1000,50,t,0.45,1.0,1.0,1.0,0.604
9,1000,50,t,0.5,1.0,1.0,1.0,0.604
10,1000,50,t,0.55,1.0,1.0,1.0,0.604
11,1000,50,t,0.6,1.0,1.0,1.0,0.604
12,1000,50,t,0.65,1.0,1.0,1.0,0.604
13,1000,50,t,0.7,1.0,1.0,1.0,0.604
14,1000,50,t,0.75,1.0,1.0,1.0,0.604
15,1000,50,t,0.8,1.0,1.0,1.0,0.604
16,1000,50,t,0.85,1.0,1.0,1.0,0.604
17,1000,50,t,0.9,1.0,1.0,1.0,0.604
18,1000,50,t,0.95,1.0,1.0,1.0,0.604
19,1000,50,e,0.05,1.0,1.0,1.0,0.0
20,1000,50,e,0.1,1.0,1.0,1.0,0.0
21,1000,50,e,0.15,1.0,1.0,1.0,0.0
22,1000,50,e,0.2,1.0,1.0,1.0,0.0
23,1000,50,e,0.25,1.0,1.0,1.0,0.0
24,1000,50,e,0.3,1.0,1.0,1.0,0.0
25,1000,50,e,0.35,1.0,1.0,1.0,0.0
26,1000,50,e,0.4,1.0,1.0,1.0,0.0
27,1000,50,e,0.45,1.0,1.0,1.0,0.0
28,1000,50,e,0.5,1.0,1.0,1.0,0.0
29,1000,50,e,0.55,1.0,1.0,1.0,0.0
30,1000,50,e,0.6,1.0,1.0,1.0,0.0
31,1000,50,e,0.65,1.0,1.0,1.0,0.0
32,1000,50,e,0.7,1.0,1.0,1.0,0.0
33,1000,50,e,0.75,0.857,0.4761111111111111,0.4477533960292581,0.0
34,1000,50,e,0.8,1.0,1.0,1.0,0.0
35,1000,50,e,0.85,1.0,1.0,1.0,0.0
36,1000,50,e,0.9,0.868,0.4822222222222222,0.44834710743801653,0.0
37,1000,50,e,0.95,0.669,0.37166666666666665,0.43498049414824447,0.0
38,1000,50,g,0.05,1.0,1.0,1.0,0.0
39,1000,50,g,0.1,1.0,1.0,1.0,0.0
40,1000,50,g,0.15,1.0,1.0,1.0,0.0
41,1000,50,g,0.2,1.0,1.0,1.0,0.0
42,1000,50,g,0.25,1.0,1.0,1.0,0.0
43,1000,50,g,0.3,1.0,1.0,1.0,0.0
44,1000,50,g,0.35,1.0,1.0,1.0,0.0
45,1000,50,g,0.4,1.0,1.0,1.0,0.0
46,1000,50,g,0.45,1.0,1.0,1.0,0.0
47,1000,50,g,0.5,1.0,1.0,1.0,0.0
48,1000,50,g,0.55,1.0,1.0,1.0,0.0
49,1000,50,g,0.6,1.0,1.0,1.0,0.0
50,1000,50,g,0.65,1.0,1.0,1.0,0.0
51,1000,50,g,0.7,1.0,1.0,1.0,0.0
52,1000,50,g,0.75,1.0,1.0,1.0,0.0
53,1000,50,g,0.8,1.0,1.0,1.0,0.0
54,1000,50,g,0.85,0.668,0.3711111111111111,0.4348958333333333,0.0
55,1000,50,g,0.9,0.874,0.4855555555555556,0.4486652977412731,0.0
56,1000,50,g,0.95,0.874,0.4855555555555556,0.4486652977412731,0.0
57,1000,100,t,0.05,1.0,1.0,1.0,0.607
58,1000,100,t,0.1,1.0,1.0,1.0,0.607
59,1000,100,t,0.15,1.0,1.0,1.0,0.607
60,1000,100,t,0.2,1.0,1.0,1.0,0.607
61,1000,100,t,0.25,1.0,1.0,1.0,0.607
62,1000,100,t,0.3,1.0,1.0,1.0,0.607
63,1000,100,t,0.35,1.0,1.0,1.0,0.607
64,1000,100,t,0.4,1.0,1.0,1.0,0.607
65,1000,100,t,0.45,1.0,1.0,1.0,0.607
66,1000,100,t,0.5,1.0,1.0,1.0,0.607
67,1000,100,t,0.55,1.0,1.0,1.0,0.607
68,1000,100,t,0.6,1.0,1.0,1.0,0.607
69,1000,100,t,0.65,1.0,1.0,1.0,0.607
70,1000,100,t,0.7,1.0,1.0,1.0,0.607
71,1000,100,t,0.75,1.0,1.0,1.0,0.607
72,1000,100,t,0.8,1.0,1.0,1.0,0.607
73,1000,100,t,0.85,1.0,1.0,1.0,0.607
74,1000,100,t,0.9,1.0,1.0,1.0,0.607
75,1000,100,t,0.95,1.0,1.0,1.0,0.607
76,1000,100,e,0.05,1.0,1.0,1.0,0.0
77,1000,100,e,0.1,1.0,1.0,1.0,0.0
78,1000,100,e,0.15,1.0,1.0,1.0,0.0
79,1000,100,e,0.2,1.0,1.0,1.0,0.0
80,1000,100,e,0.25,1.0,1.0,1.0,0.0
81,1000,100,e,0.3,1.0,1.0,1.0,0.0
82,1000,100,e,0.35,1.0,1.0,1.0,0.0
83,1000,100,e,0.4,1.0,1.0,1.0,0.0
84,1000,100,e,0.45,1.0,1.0,1.0,0.0
85,1000,100,e,0.5,1.0,1.0,1.0,0.0
86,1000,100,e,0.55,1.0,1.0,1.0,0.0
87,1000,100,e,0.6,1.0,1.0,1.0,0.0
88,1000,100,e,0.65,1.0,1.0,1.0,0.0
89,1000,100,e,0.7,1.0,1.0,1.0,0.0
90,1000,100,e,0.75,1.0,1.0,1.0,0.0
91,1000,100,e,0.8,1.0,1.0,1.0,0.0
92,1000,100,e,0.85,1.0,1.0,1.0,0.0
93,1000,100,e,0.9,1.0,1.0,1.0,0.0
94,1000,100,e,0.95,0.88,0.4888888888888889,0.4489795918367347,0.0
95,1000,100,g,0.05,1.0,1.0,1.0,0.0
96,1000,100,g,0.1,1.0,1.0,1.0,0.0
97,1000,100,g,0.15,1.0,1.0,1.0,0.0
98,1000,100,g,0.2,1.0,1.0,1.0,0.0
99,1000,100,g,0.25,1.0,1.0,1.0,0.0
100,1000,100,g,0.3,1.0,1.0,1.0,0.0
101,1000,100,g,0.35,1.0,1.0,1.0,0.0
102,1000,100,g,0.4,1.0,1.0,1.0,0.0
103,1000,100,g,0.45,1.0,1.0,1.0,0.0
104,1000,100,g,0.5,1.0,1.0,1.0,0.0
105,1000,100,g,0.55,1.0,1.0,1.0,0.0
106,1000,100,g,0.6,1.0,1.0,1.0,0.0
107,1000,100,g,0.65,1.0,1.0,1.0,0.0
108,1000,100,g,0.7,1.0,1.0,1.0,0.0
109,1000,100,g,0.75,1.0,1.0,1.0,0.0
110,1000,100,g,0.8,1.0,1.0,1.0,0.0
111,1000,100,g,0.85,1.0,1.0,1.0,0.0
112,1000,100,g,0.9,1.0,1.0,1.0,0.0
113,1000,100,g,0.95,1.0,1.0,1.0,0.0
114,1000,200,t,0.05,1.0,1.0,1.0,0.576
115,1000,200,t,0.1,1.0,1.0,1.0,0.576
116,1000,200,t,0.15,1.0,1.0,1.0,0.576
117,1000,200,t,0.2,1.0,1.0,1.0,0.576
118,1000,200,t,0.25,1.0,1.0,1.0,0.576
119,1000,200,t,0.3,1.0,1.0,1.0,0.576
120,1000,200,t,0.35,1.0,1.0,1.0,0.576
121,1000,200,t,0.4,1.0,1.0,1.0,0.576
122,1000,200,t,0.45,1.0,1.0,1.0,0.576
123,1000,200,t,0.5,1.0,1.0,1.0,0.576
124,1000,200,t,0.55,1.0,1.0,1.0,0.576
125,1000,200,t,0.6,1.0,1.0,1.0,0.576
126,1000,200,t,0.65,1.0,1.0,1.0,0.576
127,1000,200,t,0.7,1.0,1.0,1.0,0.576
128,1000,200,t,0.75,1.0,1.0,1.0,0.576
129,1000,200,t,0.8,1.0,1.0,1.0,0.576
130,1000,200,t,0.85,1.0,1.0,1.0,0.576
131,1000,200,t,0.9,1.0,1.0,1.0,0.576
132,1000,200,t,0.95,1.0,1.0,1.0,0.576
133,1000,200,e,0.05,1.0,1.0,1.0,0.0
134,1000,200,e,0.1,1.0,1.0,1.0,0.0
135,1000,200,e,0.15,1.0,1.0,1.0,0.0
136,1000,200,e,0.2,1.0,1.0,1.0,0.0
137,1000,200,e,0.25,1.0,1.0,1.0,0.0
138,1000,200,e,0.3,1.0,1.0,1.0,0.0
139,1000,200,e,0.35,1.0,1.0,1.0,0.0
140,1000,200,e,0.4,1.0,1.0,1.0,0.0
141,1000,200,e,0.45,1.0,1.0,1.0,0.0
142,1000,200,e,0.5,1.0,1.0,1.0,0.0
143,1000,200,e,0.55,1.0,1.0,1.0,0.0
144,1000,200,e,0.6,1.0,1.0,1.0,0.0
145,1000,200,e,0.65,1.0,1.0,1.0,0.0
146,1000,200,e,0.7,1.0,1.0,1.0,0.0
147,1000,200,e,0.75,1.0,1.0,1.0,0.0
148,1000,200,e,0.8,1.0,1.0,1.0,0.0
149,1000,200,e,0.85,1.0,1.0,1.0,0.0
150,1000,200,e,0.9,1.0,1.0,1.0,0.0
151,1000,200,e,0.95,1.0,1.0,1.0,0.0
152,1000,200,g,0.05,1.0,1.0,1.0,0.0
153,1000,200,g,0.1,1.0,1.0,1.0,0.0
154,1000,200,g,0.15,1.0,1.0,1.0,0.0
155,1000,200,g,0.2,1.0,1.0,1.0,0.0
156,1000,200,g,0.25,1.0,1.0,1.0,0.0
157,1000,200,g,0.3,1.0,1.0,1.0,0.0
158,1000,200,g,0.35,1.0,1.0,1.0,0.0
159,1000,200,g,0.4,1.0,1.0,1.0,0.0
160,1000,200,g,0.45,1.0,1.0,1.0,0.0
161,1000,200,g,0.5,1.0,1.0,1.0,0.0
162,1000,200,g,0.55,1.0,1.0,1.0,0.0
163,1000,200,g,0.6,1.0,1.0,1.0,0.0
164,1000,200,g,0.65,1.0,1.0,1.0,0.0
165,1000,200,g,0.7,1.0,1.0,1.0,0.0
166,1000,200,g,0.75,1.0,1.0,1.0,0.0
167,1000,200,g,0.8,1.0,1.0,1.0,0.0
168,1000,200,g,0.85,1.0,1.0,1.0,0.0
169,1000,200,g,0.9,1.0,1.0,1.0,0.0
170,1000,200,g,0.95,1.0,1.0,1.0,0.0
171,2000,50,t,0.05,1.0,1.0,1.0,0.633
172,2000,50,t,0.1,1.0,1.0,1.0,0.633
173,2000,50,t,0.15,1.0,1.0,1.0,0.633
174,2000,50,t,0.2,1.0,1.0,1.0,0.633
175,2000,50,t,0.25,1.0,1.0,1.0,0.633
176,2000,50,t,0.3,1.0,1.0,1.0,0.633
177,2000,50,t,0.35,1.0,1.0,1.0,0.633
178,2000,50,t,0.4,1.0,1.0,1.0,0.633
179,2000,50,t,0.45,1.0,1.0,1.0,0.633
180,2000,50,t,0.5,1.0,1.0,1.0,0.633
181,2000,50,t,0.55,1.0,1.0,1.0,0.633
182,2000,50,t,0.6,1.0,1.0,1.0,0.633
183,2000,50,t,0.65,1.0,1.0,1.0,0.633
184,2000,50,t,0.7,1.0,1.0,1.0,0.633
185,2000,50,t,0.75,1.0,1.0,1.0,0.633
186,2000,50,t,0.8,1.0,1.0,1.0,0.633
187,2000,50,t,0.85,0.6920980926430518,0.4756554307116105,0.3587570621468927,0.633
188,2000,50,t,0.9,0.6920980926430518,0.4756554307116105,0.3587570621468927,0.633
189,2000,50,t,0.95,1.0,1.0,1.0,0.633
190,2000,50,e,0.05,1.0,1.0,1.0,0.0
191,2000,50,e,0.1,1.0,1.0,1.0,0.0
192,2000,50,e,0.15,1.0,1.0,1.0,0.0
193,2000,50,e,0.2,1.0,1.0,1.0,0.0
194,2000,50,e,0.25,1.0,1.0,1.0,0.0
195,2000,50,e,0.3,1.0,1.0,1.0,0.0
196,2000,50,e,0.35,1.0,1.0,1.0,0.0
197,2000,50,e,0.4,1.0,1.0,1.0,0.0
198,2000,50,e,0.45,1.0,1.0,1.0,0.0
199,2000,50,e,0.5,1.0,1.0,1.0,0.0
200,2000,50,e,0.55,1.0,1.0,1.0,0.0
201,2000,50,e,0.6,1.0,1.0,1.0,0.0
202,2000,50,e,0.65,1.0,1.0,1.0,0.0
203,2000,50,e,0.7,1.0,1.0,1.0,0.0
204,2000,50,e,0.75,1.0,1.0,1.0,0.0
205,2000,50,e,0.8,1.0,1.0,1.0,0.0
206,2000,50,e,0.85,0.866,0.4811111111111111,0.44824016563146996,0.0
207,2000,50,e,0.9,0.8805,0.4891666666666667,0.44900560938296785,0.0
208,2000,50,e,0.95,0.866,0.4811111111111111,0.44824016563146996,0.0
209,2000,50,g,0.05,1.0,1.0,1.0,0.0
210,2000,50,g,0.1,1.0,1.0,1.0,0.0
211,2000,50,g,0.15,1.0,1.0,1.0,0.0
212,2000,50,g,0.2,1.0,1.0,1.0,0.0
213,2000,50,g,0.25,1.0,1.0,1.0,0.0
214,2000,50,g,0.3,1.0,1.0,1.0,0.0
215,2000,50,g,0.35,1.0,1.0,1.0,0.0
216,2000,50,g,0.4,1.0,1.0,1.0,0.0
217,2000,50,g,0.45,1.0,1.0,1.0,0.0
218,2000,50,g,0.5,1.0,1.0,1.0,0.0
219,2000,50,g,0.55,1.0,1.0,1.0,0.0
220,2000,50,g,0.6,1.0,1.0,1.0,0.0
221,2000,50,g,0.65,1.0,1.0,1.0,0.0
222,2000,50,g,0.7,1.0,1.0,1.0,0.0
223,2000,50,g,0.75,1.0,1.0,1.0,0.0
224,2000,50,g,0.8,1.0,1.0,1.0,0.0
225,2000,50,g,0.85,0.8695,0.48305555555555557,0.4484270242392986,0.0
226,2000,50,g,0.9,0.856,0.47555555555555556,0.4476987447698745,0.0
227,2000,50,g,0.95,0.856,0.47555555555555556,0.4476987447698745,0.0
228,2000,100,t,0.05,1.0,1.0,1.0,0.6305
229,2000,100,t,0.1,1.0,1.0,1.0,0.6305
230,2000,100,t,0.15,1.0,1.0,1.0,0.6305
231,2000,100,t,0.2,1.0,1.0,1.0,0.6305
232,2000,100,t,0.25,1.0,1.0,1.0,0.6305
233,2000,100,t,0.3,1.0,1.0,1.0,0.6305
234,2000,100,t,0.35,1.0,1.0,1.0,0.6305
235,2000,100,t,0.4,1.0,1.0,1.0,0.6305
236,2000,100,t,0.45,1.0,1.0,1.0,0.6305
237,2000,100,t,0.5,1.0,1.0,1.0,0.6305
238,2000,100,t,0.55,1.0,1.0,1.0,0.6305
239,2000,100,t,0.6,1.0,1.0,1.0,0.6305
240,2000,100,t,0.65,1.0,1.0,1.0,0.6305
241,2000,100,t,0.7,1.0,1.0,1.0,0.6305
242,2000,100,t,0.75,1.0,1.0,1.0,0.6305
243,2000,100,t,0.8,1.0,1.0,1.0,0.6305
244,2000,100,t,0.85,1.0,1.0,1.0,0.6305
245,2000,100,t,0.9,1.0,1.0,1.0,0.6305
246,2000,100,t,0.95,1.0,1.0,1.0,0.6305
247,2000,100,e,0.05,1.0,1.0,1.0,0.0
248,2000,100,e,0.1,1.0,1.0,1.0,0.0
249,2000,100,e,0.15,1.0,1.0,1.0,0.0
250,2000,100,e,0.2,1.0,1.0,1.0,0.0
251,2000,100,e,0.25,1.0,1.0,1.0,0.0
252,2000,100,e,0.3,1.0,1.0,1.0,0.0
253,2000,100,e,0.35,1.0,1.0,1.0,0.0
254,2000,100,e,0.4,1.0,1.0,1.0,0.0
255,2000,100,e,0.45,1.0,1.0,1.0,0.0
256,2000,100,e,0.5,1.0,1.0,1.0,0.0
257,2000,100,e,0.55,1.0,1.0,1.0,0.0
258,2000,100,e,0.6,1.0,1.0,1.0,0.0
259,2000,100,e,0.65,1.0,1.0,1.0,0.0
260,2000,100,e,0.7,1.0,1.0,1.0,0.0
261,2000,100,e,0.75,1.0,1.0,1.0,0.0
262,2000,100,e,0.8,1.0,1.0,1.0,0.0
263,2000,100,e,0.85,1.0,1.0,1.0,0.0
264,2000,100,e,0.9,1.0,1.0,1.0,0.0
265,2000,100,e,0.95,0.8595,0.4775,0.4478895257946847,0.0
266,2000,100,g,0.05,1.0,1.0,1.0,0.0
267,2000,100,g,0.1,1.0,1.0,1.0,0.0
268,2000,100,g,0.15,1.0,1.0,1.0,0.0
269,2000,100,g,0.2,1.0,1.0,1.0,0.0
270,2000,100,g,0.25,1.0,1.0,1.0,0.0
271,2000,100,g,0.3,1.0,1.0,1.0,0.0
272,2000,100,g,0.35,1.0,1.0,1.0,0.0
273,2000,100,g,0.4,1.0,1.0,1.0,0.0
274,2000,100,g,0.45,1.0,1.0,1.0,0.0
275,2000,100,g,0.5,1.0,1.0,1.0,0.0
276,2000,100,g,0.55,1.0,1.0,1.0,0.0
277,2000,100,g,0.6,1.0,1.0,1.0,0.0
278,2000,100,g,0.65,1.0,1.0,1.0,0.0
279,2000,100,g,0.7,1.0,1.0,1.0,0.0
280,2000,100,g,0.75,1.0,1.0,1.0,0.0
281,2000,100,g,0.8,1.0,1.0,1.0,0.0
282,2000,100,g,0.85,1.0,1.0,1.0,0.0
283,2000,100,g,0.9,0.8885,0.4936111111111111,0.4494183105715731,0.0
284,2000,100,g,0.95,0.875,0.4861111111111111,0.44871794871794873,0.0
285,2000,200,t,0.05,1.0,1.0,1.0,0.6175
286,2000,200,t,0.1,1.0,1.0,1.0,0.6175
287,2000,200,t,0.15,1.0,1.0,1.0,0.6175
288,2000,200,t,0.2,1.0,1.0,1.0,0.6175
289,2000,200,t,0.25,1.0,1.0,1.0,0.6175
290,2000,200,t,0.3,1.0,1.0,1.0,0.6175
291,2000,200,t,0.35,1.0,1.0,1.0,0.6175
292,2000,200,t,0.4,1.0,1.0,1.0,0.6175
293,2000,200,t,0.45,1.0,1.0,1.0,0.6175
294,2000,200,t,0.5,1.0,1.0,1.0,0.6175
295,2000,200,t,0.55,1.0,1.0,1.0,0.6175
296,2000,200,t,0.6,1.0,1.0,1.0,0.6175
297,2000,200,t,0.65,1.0,1.0,1.0,0.6175
298,2000,200,t,0.7,1.0,1.0,1.0,0.6175
299,2000,200,t,0.75,1.0,1.0,1.0,0.6175
300,2000,200,t,0.8,1.0,1.0,1.0,0.6175
301,2000,200,t,0.85,1.0,1.0,1.0,0.6175
302,2000,200,t,0.9,1.0,1.0,1.0,0.6175
303,2000,200,t,0.95,1.0,1.0,1.0,0.6175
304,2000,200,e,0.05,1.0,1.0,1.0,0.0
305,2000,200,e,0.1,1.0,1.0,1.0,0.0
306,2000,200,e,0.15,1.0,1.0,1.0,0.0
307,2000,200,e,0.2,1.0,1.0,1.0,0.0
308,2000,200,e,0.25,1.0,1.0,1.0,0.0
309,2000,200,e,0.3,1.0,1.0,1.0,0.0
310,2000,200,e,0.35,1.0,1.0,1.0,0.0
311,2000,200,e,0.4,1.0,1.0,1.0,0.0
312,2000,200,e,0.45,1.0,1.0,1.0,0.0
313,2000,200,e,0.5,1.0,1.0,1.0,0.0
314,2000,200,e,0.55,1.0,1.0,1.0,0.0
315,2000,200,e,0.6,1.0,1.0,1.0,0.0
316,2000,200,e,0.65,1.0,1.0,1.0,0.0
317,2000,200,e,0.7,1.0,1.0,1.0,0.0
318,2000,200,e,0.75,1.0,1.0,1.0,0.0
319,2000,200,e,0.8,1.0,1.0,1.0,0.0
320,2000,200,e,0.85,1.0,1.0,1.0,0.0
321,2000,200,e,0.9,1.0,1.0,1.0,0.0
322,2000,200,e,0.95,0.8765,0.48694444444444446,0.4487967229902714,0.0
323,2000,200,g,0.05,1.0,1.0,1.0,0.0
324,2000,200,g,0.1,1.0,1.0,1.0,0.0
325,2000,200,g,0.15,1.0,1.0,1.0,0.0
326,2000,200,g,0.2,1.0,1.0,1.0,0.0
327,2000,200,g,0.25,1.0,1.0,1.0,0.0
328,2000,200,g,0.3,1.0,1.0,1.0,0.0
329,2000,200,g,0.35,1.0,1.0,1.0,0.0
330,2000,200,g,0.4,1.0,1.0,1.0,0.0
331,2000,200,g,0.45,1.0,1.0,1.0,0.0
332,2000,200,g,0.5,1.0,1.0,1.0,0.0
333,2000,200,g,0.55,1.0,1.0,1.0,0.0
334,2000,200,g,0.6,1.0,1.0,1.0,0.0
335,2000,200,g,0.65,1.0,1.0,1.0,0.0
336,2000,200,g,0.7,1.0,1.0,1.0,0.0
337,2000,200,g,0.75,1.0,1.0,1.0,0.0
338,2000,200,g,0.8,1.0,1.0,1.0,0.0
339,2000,200,g,0.85,1.0,1.0,1.0,0.0
340,2000,200,g,0.9,1.0,1.0,1.0,0.0
341,2000,200,g,0.95,1.0,1.0,1.0,0.0
342,5000,50,t,0.05,1.0,1.0,1.0,0.6418
343,5000,50,t,0.1,1.0,1.0,1.0,0.6418
344,5000,50,t,0.15,1.0,1.0,1.0,0.6418
345,5000,50,t,0.2,1.0,1.0,1.0,0.6418
346,5000,50,t,0.25,1.0,1.0,1.0,0.6418
347,5000,50,t,0.3,1.0,1.0,1.0,0.6418
348,5000,50,t,0.35,1.0,1.0,1.0,0.6418
349,5000,50,t,0.4,1.0,1.0,1.0,0.6418
350,5000,50,t,0.45,1.0,1.0,1.0,0.6418
351,5000,50,t,0.5,1.0,1.0,1.0,0.6418
352,5000,50,t,0.55,1.0,1.0,1.0,0.6418
353,5000,50,t,0.6,1.0,1.0,1.0,0.6418
354,5000,50,t,0.65,1.0,1.0,1.0,0.6418
355,5000,50,t,0.7,1.0,1.0,1.0,0.6418
356,5000,50,t,0.75,1.0,1.0,1.0,0.6418
357,5000,50,t,0.8,1.0,1.0,1.0,0.6418
358,5000,50,t,0.85,1.0,1.0,1.0,0.6418
359,5000,50,t,0.9,1.0,1.0,1.0,0.6418
360,5000,50,t,0.95,0.6705750977107761,0.465143299767622,0.3530276308054086,0.6418
361,5000,50,e,0.05,1.0,1.0,1.0,0.0
362,5000,50,e,0.1,1.0,1.0,1.0,0.0
363,5000,50,e,0.15,1.0,1.0,1.0,0.0
364,5000,50,e,0.2,1.0,1.0,1.0,0.0
365,5000,50,e,0.25,1.0,1.0,1.0,0.0
366,5000,50,e,0.3,1.0,1.0,1.0,0.0
367,5000,50,e,0.35,1.0,1.0,1.0,0.0
368,5000,50,e,0.4,1.0,1.0,1.0,0.0
369,5000,50,e,0.45,1.0,1.0,1.0,0.0
370,5000,50,e,0.5,1.0,1.0,1.0,0.0
371,5000,50,e,0.55,1.0,1.0,1.0,0.0
372,5000,50,e,0.6,1.0,1.0,1.0,0.0
373,5000,50,e,0.65,0.837,0.465,0.4466382070437567,0.0
374,5000,50,e,0.7,1.0,1.0,1.0,0.0
375,5000,50,e,0.75,1.0,1.0,1.0,0.0
376,5000,50,e,0.8,1.0,1.0,1.0,0.0
377,5000,50,e,0.85,0.8736,0.48533333333333334,0.4486442070665571,0.0
378,5000,50,e,0.9,0.8736,0.48533333333333334,0.4486442070665571,0.0
379,5000,50,e,0.95,0.8736,0.48533333333333334,0.4486442070665571,0.0
380,5000,50,g,0.05,1.0,1.0,1.0,0.0
381,5000,50,g,0.1,1.0,1.0,1.0,0.0
382,5000,50,g,0.15,1.0,1.0,1.0,0.0
383,5000,50,g,0.2,1.0,1.0,1.0,0.0
384,5000,50,g,0.25,1.0,1.0,1.0,0.0
385,5000,50,g,0.3,1.0,1.0,1.0,0.0
386,5000,50,g,0.35,0.8374,0.4652222222222222,0.44666097717089825,0.0
387,5000,50,g,0.4,0.8374,0.4652222222222222,0.44666097717089825,0.0
388,5000,50,g,0.45,0.8374,0.4652222222222222,0.44666097717089825,0.0
389,5000,50,g,0.5,1.0,1.0,1.0,0.0
390,5000,50,g,0.55,0.8622,0.479,0.4480357514030347,0.0
391,5000,50,g,0.6,1.0,1.0,1.0,0.0
392,5000,50,g,0.65,0.8674,0.48188888888888887,0.4483150713252016,0.0
393,5000,50,g,0.7,1.0,1.0,1.0,0.0
394,5000,50,g,0.75,1.0,1.0,1.0,0.0
395,5000,50,g,0.8,0.8708,0.48377777777777775,0.44849608570251337,0.0
396,5000,50,g,0.85,0.8652,0.4806666666666667,0.44819726481558225,0.0
397,5000,50,g,0.9,0.8652,0.4806666666666667,0.44819726481558225,0.0
398,5000,50,g,0.95,0.8694,0.483,0.448421704146895,0.0
399,5000,100,t,0.05,1.0,1.0,1.0,0.6218
400,5000,100,t,0.1,1.0,1.0,1.0,0.6218
401,5000,100,t,0.15,1.0,1.0,1.0,0.6218
402,5000,100,t,0.2,1.0,1.0,1.0,0.6218
403,5000,100,t,0.25,1.0,1.0,1.0,0.6218
404,5000,100,t,0.3,1.0,1.0,1.0,0.6218
405,5000,100,t,0.35,1.0,1.0,1.0,0.6218
406,5000,100,t,0.4,1.0,1.0,1.0,0.6218
407,5000,100,t,0.45,1.0,1.0,1.0,0.6218
408,5000,100,t,0.5,1.0,1.0,1.0,0.6218
409,5000,100,t,0.55,1.0,1.0,1.0,0.6218
410,5000,100,t,0.6,1.0,1.0,1.0,0.6218
411,5000,100,t,0.65,1.0,1.0,1.0,0.6218
412,5000,100,t,0.7,1.0,1.0,1.0,0.6218
413,5000,100,t,0.75,1.0,1.0,1.0,0.6218
414,5000,100,t,0.8,1.0,1.0,1.0,0.6218
415,5000,100,t,0.85,1.0,1.0,1.0,0.6218
416,5000,100,t,0.9,1.0,1.0,1.0,0.6218
417,5000,100,t,0.95,1.0,1.0,1.0,0.6218
418,5000,100,e,0.05,1.0,1.0,1.0,0.0
419,5000,100,e,0.1,1.0,1.0,1.0,0.0
420,5000,100,e,0.15,1.0,1.0,1.0,0.0
421,5000,100,e,0.2,1.0,1.0,1.0,0.0
422,5000,100,e,0.25,1.0,1.0,1.0,0.0
423,5000,100,e,0.3,1.0,1.0,1.0,0.0
424,5000,100,e,0.35,1.0,1.0,1.0,0.0
425,5000,100,e,0.4,1.0,1.0,1.0,0.0
426,5000,100,e,0.45,1.0,1.0,1.0,0.0
427,5000,100,e,0.5,1.0,1.0,1.0,0.0
428,5000,100,e,0.55,1.0,1.0,1.0,0.0
429,5000,100,e,0.6,1.0,1.0,1.0,0.0
430,5000,100,e,0.65,1.0,1.0,1.0,0.0
431,5000,100,e,0.7,1.0,1.0,1.0,0.0
432,5000,100,e,0.75,1.0,1.0,1.0,0.0
433,5000,100,e,0.8,1.0,1.0,1.0,0.0
434,5000,100,e,0.85,1.0,1.0,1.0,0.0
435,5000,100,e,0.9,0.886,0.4922222222222222,0.44929006085192696,0.0
436,5000,100,e,0.95,0.8616,0.4786666666666667,0.4480033277870216,0.0
437,5000,100,g,0.05,1.0,1.0,1.0,0.0
438,5000,100,g,0.1,1.0,1.0,1.0,0.0
439,5000,100,g,0.15,1.0,1.0,1.0,0.0
440,5000,100,g,0.2,1.0,1.0,1.0,0.0
441,5000,100,g,0.25,1.0,1.0,1.0,0.0
442,5000,100,g,0.3,1.0,1.0,1.0,0.0
443,5000,100,g,0.35,1.0,1.0,1.0,0.0
444,5000,100,g,0.4,1.0,1.0,1.0,0.0
445,5000,100,g,0.45,1.0,1.0,1.0,0.0
446,5000,100,g,0.5,1.0,1.0,1.0,0.0
447,5000,100,g,0.55,1.0,1.0,1.0,0.0
448,5000,100,g,0.6,1.0,1.0,1.0,0.0
449,5000,100,g,0.65,1.0,1.0,1.0,0.0
450,5000,100,g,0.7,1.0,1.0,1.0,0.0
451,5000,100,g,0.75,1.0,1.0,1.0,0.0
452,5000,100,g,0.8,1.0,1.0,1.0,0.0
453,5000,100,g,0.85,0.8858,0.4921111111111111,0.44927977277338205,0.0
454,5000,100,g,0.9,0.8866,0.4925555555555556,0.44932090006081493,0.0
455,5000,100,g,0.95,0.8796,0.4886666666666667,0.448958758677011,0.0
456,5000,200,t,0.05,1.0,1.0,1.0,0.6304
457,5000,200,t,0.1,1.0,1.0,1.0,0.6304
458,5000,200,t,0.15,1.0,1.0,1.0,0.6304
459,5000,200,t,0.2,1.0,1.0,1.0,0.6304
460,5000,200,t,0.25,1.0,1.0,1.0,0.6304
461,5000,200,t,0.3,1.0,1.0,1.0,0.6304
462,5000,200,t,0.35,1.0,1.0,1.0,0.6304
463,5000,200,t,0.4,1.0,1.0,1.0,0.6304
464,5000,200,t,0.45,1.0,1.0,1.0,0.6304
465,5000,200,t,0.5,1.0,1.0,1.0,0.6304
466,5000,200,t,0.55,1.0,1.0,1.0,0.6304
467,5000,200,t,0.6,1.0,1.0,1.0,0.6304
468,5000,200,t,0.65,1.0,1.0,1.0,0.6304
469,5000,200,t,0.7,1.0,1.0,1.0,0.6304
470,5000,200,t,0.75,1.0,1.0,1.0,0.6304
471,5000,200,t,0.8,1.0,1.0,1.0,0.6304
472,5000,200,t,0.85,1.0,1.0,1.0,0.6304
473,5000,200,t,0.9,1.0,1.0,1.0,0.6304
474,5000,200,t,0.95,1.0,1.0,1.0,0.6304
475,5000,200,e,0.05,1.0,1.0,1.0,0.0
476,5000,200,e,0.1,1.0,1.0,1.0,0.0
477,5000,200,e,0.15,1.0,1.0,1.0,0.0
478,5000,200,e,0.2,1.0,1.0,1.0,0.0
479,5000,200,e,0.25,1.0,1.0,1.0,0.0
480,5000,200,e,0.3,1.0,1.0,1.0,0.0
481,5000,200,e,0.35,1.0,1.0,1.0,0.0
482,5000,200,e,0.4,1.0,1.0,1.0,0.0
483,5000,200,e,0.45,1.0,1.0,1.0,0.0
484,5000,200,e,0.5,1.0,1.0,1.0,0.0
485,5000,200,e,0.55,1.0,1.0,1.0,0.0
486,5000,200,e,0.6,1.0,1.0,1.0,0.0
487,5000,200,e,0.65,1.0,1.0,1.0,0.0
488,5000,200,e,0.7,1.0,1.0,1.0,0.0
489,5000,200,e,0.75,1.0,1.0,1.0,0.0
490,5000,200,e,0.8,1.0,1.0,1.0,0.0
491,5000,200,e,0.85,1.0,1.0,1.0,0.0
492,5000,200,e,0.9,1.0,1.0,1.0,0.0
493,5000,200,e,0.95,1.0,1.0,1.0,0.0
494,5000,200,g,0.05,1.0,1.0,1.0,0.0
495,5000,200,g,0.1,1.0,1.0,1.0,0.0
496,5000,200,g,0.15,1.0,1.0,1.0,0.0
497,5000,200,g,0.2,1.0,1.0,1.0,0.0
498,5000,200,g,0.25,1.0,1.0,1.0,0.0
499,5000,200,g,0.3,1.0,1.0,1.0,0.0
500,5000,200,g,0.35,1.0,1.0,1.0,0.0
501,5000,200,g,0.4,1.0,1.0,1.0,0.0
502,5000,200,g,0.45,1.0,1.0,1.0,0.0
503,5000,200,g,0.5,1.0,1.0,1.0,0.0
504,5000,200,g,0.55,1.0,1.0,1.0,0.0
505,5000,200,g,0.6,1.0,1.0,1.0,0.0
506,5000,200,g,0.65,1.0,1.0,1.0,0.0
507,5000,200,g,0.7,1.0,1.0,1.0,0.0
508,5000,200,g,0.75,1.0,1.0,1.0,0.0
509,5000,200,g,0.8,1.0,1.0,1.0,0.0
510,5000,200,g,0.85,1.0,1.0,1.0,0.0
511,5000,200,g,0.9,1.0,1.0,1.0,0.0
512,5000,200,g,0.95,1.0,1.0,1.0,0.0
513,10000,50,t,0.05,1.0,1.0,1.0,0.642
514,10000,50,t,0.1,1.0,1.0,1.0,0.642
515,10000,50,t,0.15,1.0,1.0,1.0,0.642
516,10000,50,t,0.2,1.0,1.0,1.0,0.642
517,10000,50,t,0.25,1.0,1.0,1.0,0.642
518,10000,50,t,0.3,1.0,1.0,1.0,0.642
519,10000,50,t,0.35,1.0,1.0,1.0,0.642
520,10000,50,t,0.4,1.0,1.0,1.0,0.642
521,10000,50,t,0.45,1.0,1.0,1.0,0.642
522,10000,50,t,0.5,1.0,1.0,1.0,0.642
523,10000,50,t,0.55,1.0,1.0,1.0,0.642
524,10000,50,t,0.6,1.0,1.0,1.0,0.642
525,10000,50,t,0.65,1.0,1.0,1.0,0.642
526,10000,50,t,0.7,1.0,1.0,1.0,0.642
527,10000,50,t,0.75,1.0,1.0,1.0,0.642
528,10000,50,t,0.8,1.0,1.0,1.0,0.642
529,10000,50,t,0.85,1.0,1.0,1.0,0.642
530,10000,50,t,0.9,1.0,1.0,1.0,0.642
531,10000,50,t,0.95,1.0,1.0,1.0,0.642
532,10000,50,e,0.05,1.0,1.0,1.0,0.0
533,10000,50,e,0.1,1.0,1.0,1.0,0.0
534,10000,50,e,0.15,1.0,1.0,1.0,0.0
535,10000,50,e,0.2,1.0,1.0,1.0,0.0
536,10000,50,e,0.25,1.0,1.0,1.0,0.0
537,10000,50,e,0.3,1.0,1.0,1.0,0.0
538,10000,50,e,0.35,1.0,1.0,1.0,0.0
539,10000,50,e,0.4,1.0,1.0,1.0,0.0
540,10000,50,e,0.45,1.0,1.0,1.0,0.0
541,10000,50,e,0.5,1.0,1.0,1.0,0.0
542,10000,50,e,0.55,1.0,1.0,1.0,0.0
543,10000,50,e,0.6,1.0,1.0,1.0,0.0
544,10000,50,e,0.65,1.0,1.0,1.0,0.0
545,10000,50,e,0.7,1.0,1.0,1.0,0.0
546,10000,50,e,0.75,1.0,1.0,1.0,0.0
547,10000,50,e,0.8,0.8695,0.48305555555555557,0.4484270242392986,0.0
548,10000,50,e,0.85,0.8736,0.48533333333333334,0.4486442070665571,0.0
549,10000,50,e,0.9,0.8677,0.48205555555555557,0.44833109434742174,0.0
550,10000,50,e,0.95,0.8738,0.48544444444444446,0.44865475456972687,0.0
551,10000,50,g,0.05,1.0,1.0,1.0,0.0
552,10000,50,g,0.1,1.0,1.0,1.0,0.0
553,10000,50,g,0.15,1.0,1.0,1.0,0.0
554,10000,50,g,0.2,1.0,1.0,1.0,0.0
555,10000,50,g,0.25,1.0,1.0,1.0,0.0
556,10000,50,g,0.3,1.0,1.0,1.0,0.0
557,10000,50,g,0.35,1.0,1.0,1.0,0.0
558,10000,50,g,0.4,1.0,1.0,1.0,0.0
559,10000,50,g,0.45,1.0,1.0,1.0,0.0
560,10000,50,g,0.5,1.0,1.0,1.0,0.0
561,10000,50,g,0.55,0.8696,0.4831111111111111,0.4484323432343234,0.0
562,10000,50,g,0.6,1.0,1.0,1.0,0.0
563,10000,50,g,0.65,1.0,1.0,1.0,0.0
564,10000,50,g,0.7,1.0,1.0,1.0,0.0
565,10000,50,g,0.75,1.0,1.0,1.0,0.0
566,10000,50,g,0.8,0.8745,0.48583333333333334,0.4486916367367881,0.0
567,10000,50,g,0.85,0.8395,0.4663888888888889,0.4467802022352315,0.0
568,10000,50,g,0.9,0.8712,0.484,0.4485172981878089,0.0
569,10000,50,g,0.95,0.8745,0.48583333333333334,0.4486916367367881,0.0
570,10000,100,t,0.05,1.0,1.0,1.0,0.6335
571,10000,100,t,0.1,1.0,1.0,1.0,0.6335
572,10000,100,t,0.15,1.0,1.0,1.0,0.6335
573,10000,100,t,0.2,1.0,1.0,1.0,0.6335
574,10000,100,t,0.25,1.0,1.0,1.0,0.6335
575,10000,100,t,0.3,1.0,1.0,1.0,0.6335
576,10000,100,t,0.35,1.0,1.0,1.0,0.6335
577,10000,100,t,0.4,1.0,1.0,1.0,0.6335
578,10000,100,t,0.45,1.0,1.0,1.0,0.6335
579,10000,100,t,0.5,1.0,1.0,1.0,0.6335
580,10000,100,t,0.55,1.0,1.0,1.0,0.6335
581,10000,100,t,0.6,1.0,1.0,1.0,0.6335
582,10000,100,t,0.65,1.0,1.0,1.0,0.6335
583,10000,100,t,0.7,1.0,1.0,1.0,0.6335
584,10000,100,t,0.75,1.0,1.0,1.0,0.6335
585,10000,100,t,0.8,1.0,1.0,1.0,0.6335
586,10000,100,t,0.85,1.0,1.0,1.0,0.6335
587,10000,100,t,0.9,1.0,1.0,1.0,0.6335
588,10000,100,t,0.95,1.0,1.0,1.0,0.6335
589,10000,100,e,0.05,1.0,1.0,1.0,0.0
590,10000,100,e,0.1,1.0,1.0,1.0,0.0
591,10000,100,e,0.15,1.0,1.0,1.0,0.0
592,10000,100,e,0.2,1.0,1.0,1.0,0.0
593,10000,100,e,0.25,1.0,1.0,1.0,0.0
594,10000,100,e,0.3,1.0,1.0,1.0,0.0
595,10000,100,e,0.35,1.0,1.0,1.0,0.0
596,10000,100,e,0.4,1.0,1.0,1.0,0.0
597,10000,100,e,0.45,1.0,1.0,1.0,0.0
598,10000,100,e,0.5,1.0,1.0,1.0,0.0
599,10000,100,e,0.55,1.0,1.0,1.0,0.0
600,10000,100,e,0.6,1.0,1.0,1.0,0.0
601,10000,100,e,0.65,1.0,1.0,1.0,0.0
602,10000,100,e,0.7,1.0,1.0,1.0,0.0
603,10000,100,e,0.75,0.8864,0.49244444444444446,0.44931062449310627,0.0
604,10000,100,e,0.8,0.8864,0.49244444444444446,0.44931062449310627,0.0
605,10000,100,e,0.85,1.0,1.0,1.0,0.0
606,10000,100,e,0.9,1.0,1.0,1.0,0.0
607,10000,100,e,0.95,0.8891,0.49394444444444446,0.4494489940349813,0.0
608,10000,100,g,0.05,1.0,1.0,1.0,0.0
609,10000,100,g,0.1,1.0,1.0,1.0,0.0
610,10000,100,g,0.15,1.0,1.0,1.0,0.0
611,10000,100,g,0.2,1.0,1.0,1.0,0.0
612,10000,100,g,0.25,1.0,1.0,1.0,0.0
613,10000,100,g,0.3,1.0,1.0,1.0,0.0
614,10000,100,g,0.35,1.0,1.0,1.0,0.0
615,10000,100,g,0.4,1.0,1.0,1.0,0.0
616,10000,100,g,0.45,1.0,1.0,1.0,0.0
617,10000,100,g,0.5,1.0,1.0,1.0,0.0
618,10000,100,g,0.55,1.0,1.0,1.0,0.0
619,10000,100,g,0.6,1.0,1.0,1.0,0.0
620,10000,100,g,0.65,1.0,1.0,1.0,0.0
621,10000,100,g,0.7,1.0,1.0,1.0,0.0
622,10000,100,g,0.75,1.0,1.0,1.0,0.0
623,10000,100,g,0.8,1.0,1.0,1.0,0.0
624,10000,100,g,0.85,1.0,1.0,1.0,0.0
625,10000,100,g,0.9,1.0,1.0,1.0,0.0
626,10000,100,g,0.95,0.8832,0.49066666666666664,0.44914564686737185,0.0
627,10000,200,t,0.05,1.0,1.0,1.0,0.6271
628,10000,200,t,0.1,1.0,1.0,1.0,0.6271
629,10000,200,t,0.15,1.0,1.0,1.0,0.6271
630,10000,200,t,0.2,1.0,1.0,1.0,0.6271
631,10000,200,t,0.25,1.0,1.0,1.0,0.6271
632,10000,200,t,0.3,1.0,1.0,1.0,0.6271
633,10000,200,t,0.35,1.0,1.0,1.0,0.6271
634,10000,200,t,0.4,1.0,1.0,1.0,0.6271
635,10000,200,t,0.45,1.0,1.0,1.0,0.6271
636,10000,200,t,0.5,1.0,1.0,1.0,0.6271
637,10000,200,t,0.55,1.0,1.0,1.0,0.6271
638,10000,200,t,0.6,1.0,1.0,1.0,0.6271
639,10000,200,t,0.65,1.0,1.0,1.0,0.6271
640,10000,200,t,0.7,1.0,1.0,1.0,0.6271
641,10000,200,t,0.75,1.0,1.0,1.0,0.6271
642,10000,200,t,0.8,1.0,1.0,1.0,0.6271
643,10000,200,t,0.85,1.0,1.0,1.0,0.6271
644,10000,200,t,0.9,1.0,1.0,1.0,0.6271
645,10000,200,t,0.95,1.0,1.0,1.0,0.6271
646,10000,200,e,0.05,1.0,1.0,1.0,0.0
647,10000,200,e,0.1,1.0,1.0,1.0,0.0
648,10000,200,e,0.15,1.0,1.0,1.0,0.0
649,10000,200,e,0.2,1.0,1.0,1.0,0.0
650,10000,200,e,0.25,1.0,1.0,1.0,0.0
651,10000,200,e,0.3,1.0,1.0,1.0,0.0
652,10000,200,e,0.35,1.0,1.0,1.0,0.0
653,10000,200,e,0.4,1.0,1.0,1.0,0.0
654,10000,200,e,0.45,1.0,1.0,1.0,0.0
655,10000,200,e,0.5,1.0,1.0,1.0,0.0
656,10000,200,e,0.55,1.0,1.0,1.0,0.0
657,10000,200,e,0.6,1.0,1.0,1.0,0.0
658,10000,200,e,0.65,1.0,1.0,1.0,0.0
659,10000,200,e,0.7,1.0,1.0,1.0,0.0
660,10000,200,e,0.75,1.0,1.0,1.0,0.0
661,10000,200,e,0.8,1.0,1.0,1.0,0.0
662,10000,200,e,0.85,1.0,1.0,1.0,0.0
663,10000,200,e,0.9,1.0,1.0,1.0,0.0
664,10000,200,e,0.95,0.8932,0.49622222222222223,0.4496576721707612,0.0
665,10000,200,g,0.05,1.0,1.0,1.0,0.0
666,10000,200,g,0.1,1.0,1.0,1.0,0.0
667,10000,200,g,0.15,1.0,1.0,1.0,0.0
668,10000,200,g,0.2,1.0,1.0,1.0,0.0
669,10000,200,g,0.25,1.0,1.0,1.0,0.0
670,10000,200,g,0.3,1.0,1.0,1.0,0.0
671,10000,200,g,0.35,1.0,1.0,1.0,0.0
672,10000,200,g,0.4,1.0,1.0,1.0,0.0
673,10000,200,g,0.45,1.0,1.0,1.0,0.0
674,10000,200,g,0.5,1.0,1.0,1.0,0.0
675,10000,200,g,0.55,1.0,1.0,1.0,0.0
676,10000,200,g,0.6,1.0,1.0,1.0,0.0
677,10000,200,g,0.65,1.0,1.0,1.0,0.0
678,10000,200,g,0.7,1.0,1.0,1.0,0.0
679,10000,200,g,0.75,1.0,1.0,1.0,0.0
680,10000,200,g,0.8,1.0,1.0,1.0,0.0
681,10000,200,g,0.85,1.0,1.0,1.0,0.0
682,10000,200,g,0.9,1.0,1.0,1.0,0.0
683,10000,200,g,0.95,1.0,1.0,1.0,0.0
684,20000,50,t,0.05,1.0,1.0,1.0,0.6161
685,20000,50,t,0.1,1.0,1.0,1.0,0.6161
686,20000,50,t,0.15,1.0,1.0,1.0,0.6161
687,20000,50,t,0.2,1.0,1.0,1.0,0.6161
688,20000,50,t,0.25,1.0,1.0,1.0,0.6161
689,20000,50,t,0.3,1.0,1.0,1.0,0.6161
690,20000,50,t,0.35,1.0,1.0,1.0,0.6161
691,20000,50,t,0.4,1.0,1.0,1.0,0.6161
692,20000,50,t,0.45,1.0,1.0,1.0,0.6161
693,20000,50,t,0.5,1.0,1.0,1.0,0.6161
694,20000,50,t,0.55,1.0,1.0,1.0,0.6161
695,20000,50,t,0.6,1.0,1.0,1.0,0.6161
696,20000,50,t,0.65,1.0,1.0,1.0,0.6161
697,20000,50,t,0.7,1.0,1.0,1.0,0.6161
698,20000,50,t,0.75,1.0,1.0,1.0,0.6161
699,20000,50,t,0.8,1.0,1.0,1.0,0.6161
700,20000,50,t,0.85,1.0,1.0,1.0,0.6161
701,20000,50,t,0.9,1.0,1.0,1.0,0.6161
702,20000,50,t,0.95,1.0,1.0,1.0,0.6161
703,20000,50,e,0.05,1.0,1.0,1.0,0.0
704,20000,50,e,0.1,1.0,1.0,1.0,0.0
705,20000,50,e,0.15,1.0,1.0,1.0,0.0
706,20000,50,e,0.2,1.0,1.0,1.0,0.0
707,20000,50,e,0.25,1.0,1.0,1.0,0.0
708,20000,50,e,0.3,1.0,1.0,1.0,0.0
709,20000,50,e,0.35,1.0,1.0,1.0,0.0
710,20000,50,e,0.4,1.0,1.0,1.0,0.0
711,20000,50,e,0.45,1.0,1.0,1.0,0.0
712,20000,50,e,0.5,1.0,1.0,1.0,0.0
713,20000,50,e,0.55,1.0,1.0,1.0,0.0
714,20000,50,e,0.6,1.0,1.0,1.0,0.0
715,20000,50,e,0.65,1.0,1.0,1.0,0.0
716,20000,50,e,0.7,1.0,1.0,1.0,0.0
717,20000,50,e,0.75,1.0,1.0,1.0,0.0
718,20000,50,e,0.8,0.8541,0.4745,0.44759459176186983,0.0
719,20000,50,e,0.85,1.0,1.0,1.0,0.0
720,20000,50,e,0.9,0.87595,0.4866388888888889,0.4487678672063118,0.0
721,20000,50,e,0.95,0.87345,0.48525,0.44863629359494583,0.0
722,20000,50,g,0.05,1.0,1.0,1.0,0.0
723,20000,50,g,0.1,1.0,1.0,1.0,0.0
724,20000,50,g,0.15,1.0,1.0,1.0,0.0
725,20000,50,g,0.2,1.0,1.0,1.0,0.0
726,20000,50,g,0.25,1.0,1.0,1.0,0.0
727,20000,50,g,0.3,1.0,1.0,1.0,0.0
728,20000,50,g,0.35,1.0,1.0,1.0,0.0
729,20000,50,g,0.4,1.0,1.0,1.0,0.0
730,20000,50,g,0.45,1.0,1.0,1.0,0.0
731,20000,50,g,0.5,1.0,1.0,1.0,0.0
732,20000,50,g,0.55,1.0,1.0,1.0,0.0
733,20000,50,g,0.6,1.0,1.0,1.0,0.0
734,20000,50,g,0.65,0.87405,0.4855833333333333,0.44866793285765616,0.0
735,20000,50,g,0.7,1.0,1.0,1.0,0.0
736,20000,50,g,0.75,0.87405,0.4855833333333333,0.44866793285765616,0.0
737,20000,50,g,0.8,0.85195,0.47330555555555553,0.44747623299543043,0.0
738,20000,50,g,0.85,0.85195,0.47330555555555553,0.44747623299543043,0.0
739,20000,50,g,0.9,0.87405,0.4855833333333333,0.44866793285765616,0.0
740,20000,50,g,0.95,0.87185,0.48436111111111113,0.44855173123424397,0.0
741,20000,100,t,0.05,1.0,1.0,1.0,0.6167
742,20000,100,t,0.1,1.0,1.0,1.0,0.6167
743,20000,100,t,0.15,1.0,1.0,1.0,0.6167
744,20000,100,t,0.2,1.0,1.0,1.0,0.6167
745,20000,100,t,0.25,1.0,1.0,1.0,0.6167
746,20000,100,t,0.3,1.0,1.0,1.0,0.6167
747,20000,100,t,0.35,1.0,1.0,1.0,0.6167
748,20000,100,t,0.4,1.0,1.0,1.0,0.6167
749,20000,100,t,0.45,1.0,1.0,1.0,0.6167
750,20000,100,t,0.5,1.0,1.0,1.0,0.6167
751,20000,100,t,0.55,1.0,1.0,1.0,0.6167
752,20000,100,t,0.6,1.0,1.0,1.0,0.6167
753,20000,100,t,0.65,1.0,1.0,1.0,0.6167
754,20000,100,t,0.7,1.0,1.0,1.0,0.6167
755,20000,100,t,0.75,1.0,1.0,1.0,0.6167
756,20000,100,t,0.8,1.0,1.0,1.0,0.6167
757,20000,100,t,0.85,1.0,1.0,1.0,0.6167
758,20000,100,t,0.9,1.0,1.0,1.0,0.6167
759,20000,100,t,0.95,1.0,1.0,1.0,0.6167
760,20000,100,e,0.05,1.0,1.0,1.0,0.0
761,20000,100,e,0.1,1.0,1.0,1.0,0.0
762,20000,100,e,0.15,1.0,1.0,1.0,0.0
763,20000,100,e,0.2,1.0,1.0,1.0,0.0
764,20000,100,e,0.25,1.0,1.0,1.0,0.0
765,20000,100,e,0.3,1.0,1.0,1.0,0.0
766,20000,100,e,0.35,1.0,1.0,1.0,0.0
767,20000,100,e,0.4,1.0,1.0,1.0,0.0
768,20000,100,e,0.45,1.0,1.0,1.0,0.0
769,20000,100,e,0.5,1.0,1.0,1.0,0.0
770,20000,100,e,0.55,1.0,1.0,1.0,0.0
771,20000,100,e,0.6,1.0,1.0,1.0,0.0
772,20000,100,e,0.65,1.0,1.0,1.0,0.0
773,20000,100,e,0.7,1.0,1.0,1.0,0.0
774,20000,100,e,0.75,1.0,1.0,1.0,0.0
775,20000,100,e,0.8,1.0,1.0,1.0,0.0
776,20000,100,e,0.85,1.0,1.0,1.0,0.0
777,20000,100,e,0.9,0.869,0.48277777777777775,0.4484004127966976,0.0
778,20000,100,e,0.95,0.88625,0.49236111111111114,0.44930291508238274,0.0
779,20000,100,g,0.05,1.0,1.0,1.0,0.0
780,20000,100,g,0.1,1.0,1.0,1.0,0.0
781,20000,100,g,0.15,1.0,1.0,1.0,0.0
782,20000,100,g,0.2,1.0,1.0,1.0,0.0
783,20000,100,g,0.25,1.0,1.0,1.0,0.0
784,20000,100,g,0.3,1.0,1.0,1.0,0.0
785,20000,100,g,0.35,1.0,1.0,1.0,0.0
786,20000,100,g,0.4,1.0,1.0,1.0,0.0
787,20000,100,g,0.45,1.0,1.0,1.0,0.0
788,20000,100,g,0.5,1.0,1.0,1.0,0.0
789,20000,100,g,0.55,1.0,1.0,1.0,0.0
790,20000,100,g,0.6,1.0,1.0,1.0,0.0
791,20000,100,g,0.65,1.0,1.0,1.0,0.0
792,20000,100,g,0.7,1.0,1.0,1.0,0.0
793,20000,100,g,0.75,0.88535,0.49186111111111114,0.4492566093266352,0.0
794,20000,100,g,0.8,1.0,1.0,1.0,0.0
795,20000,100,g,0.85,1.0,1.0,1.0,0.0
796,20000,100,g,0.9,1.0,1.0,1.0,0.0
797,20000,100,g,0.95,0.8841,0.49116666666666664,0.4491921552687735,0.0
798,20000,200,t,0.05,1.0,1.0,1.0,0.6192
799,20000,200,t,0.1,1.0,1.0,1.0,0.6192
800,20000,200,t,0.15,1.0,1.0,1.0,0.6192
801,20000,200,t,0.2,1.0,1.0,1.0,0.6192
802,20000,200,t,0.25,1.0,1.0,1.0,0.6192
803,20000,200,t,0.3,1.0,1.0,1.0,0.6192
804,20000,200,t,0.35,1.0,1.0,1.0,0.6192
805,20000,200,t,0.4,1.0,1.0,1.0,0.6192
806,20000,200,t,0.45,1.0,1.0,1.0,0.6192
807,20000,200,t,0.5,1.0,1.0,1.0,0.6192
808,20000,200,t,0.55,1.0,1.0,1.0,0.6192
809,20000,200,t,0.6,1.0,1.0,1.0,0.6192
810,20000,200,t,0.65,1.0,1.0,1.0,0.6192
811,20000,200,t,0.7,1.0,1.0,1.0,0.6192
812,20000,200,t,0.75,1.0,1.0,1.0,0.6192
813,20000,200,t,0.8,1.0,1.0,1.0,0.6192
814,20000,200,t,0.85,1.0,1.0,1.0,0.6192
815,20000,200,t,0.9,1.0,1.0,1.0,0.6192
816,20000,200,t,0.95,1.0,1.0,1.0,0.6192
817,20000,200,e,0.05,1.0,1.0,1.0,0.0
818,20000,200,e,0.1,1.0,1.0,1.0,0.0
819,20000,200,e,0.15,1.0,1.0,1.0,0.0
820,20000,200,e,0.2,1.0,1.0,1.0,0.0
821,20000,200,e,0.25,1.0,1.0,1.0,0.0
822,20000,200,e,0.3,1.0,1.0,1.0,0.0
823,20000,200,e,0.35,1.0,1.0,1.0,0.0
824,20000,200,e,0.4,1.0,1.0,1.0,0.0
825,20000,200,e,0.45,1.0,1.0,1.0,0.0
826,20000,200,e,0.5,1.0,1.0,1.0,0.0
827,20000,200,e,0.55,1.0,1.0,1.0,0.0
828,20000,200,e,0.6,1.0,1.0,1.0,0.0
829,20000,200,e,0.65,1.0,1.0,1.0,0.0
830,20000,200,e,0.7,1.0,1.0,1.0,0.0
831,20000,200,e,0.75,1.0,1.0,1.0,0.0
832,20000,200,e,0.8,1.0,1.0,1.0,0.0
833,20000,200,e,0.85,1.0,1.0,1.0,0.0
834,20000,200,e,0.9,1.0,1.0,1.0,0.0
835,20000,200,e,0.95,0.89255,0.4958611111111111,0.44962470404513627,0.0
836,20000,200,g,0.05,1.0,1.0,1.0,0.0
837,20000,200,g,0.1,1.0,1.0,1.0,0.0
838,20000,200,g,0.15,1.0,1.0,1.0,0.0
839,20000,200,g,0.2,1.0,1.0,1.0,0.0
840,20000,200,g,0.25,1.0,1.0,1.0,0.0
841,20000,200,g,0.3,1.0,1.0,1.0,0.0
842,20000,200,g,0.35,1.0,1.0,1.0,0.0
843,20000,200,g,0.4,1.0,1.0,1.0,0.0
844,20000,200,g,0.45,1.0,1.0,1.0,0.0
845,20000,200,g,0.5,1.0,1.0,1.0,0.0
846,20000,200,g,0.55,1.0,1.0,1.0,0.0
847,20000,200,g,0.6,1.0,1.0,1.0,0.0
848,20000,200,g,0.65,1.0,1.0,1.0,0.0
849,20000,200,g,0.7,1.0,1.0,1.0,0.0
850,20000,200,g,0.75,1.0,1.0,1.0,0.0
851,20000,200,g,0.8,1.0,1.0,1.0,0.0
852,20000,200,g,0.85,0.89215,0.4956388888888889,0.4496043944967999,0.0
853,20000,200,g,0.9,1.0,1.0,1.0,0.0
854,20000,200,g,0.95,1.0,1.0,1.0,0.0
855,30000,50,t,0.05,1.0,1.0,1.0,0.6333
856,30000,50,t,0.1,1.0,1.0,1.0,0.6333
857,30000,50,t,0.15,1.0,1.0,1.0,0.6333
858,30000,50,t,0.2,1.0,1.0,1.0,0.6333
859,30000,50,t,0.25,1.0,1.0,1.0,0.6333
860,30000,50,t,0.3,1.0,1.0,1.0,0.6333
861,30000,50,t,0.35,1.0,1.0,1.0,0.6333
862,30000,50,t,0.4,1.0,1.0,1.0,0.6333
863,30000,50,t,0.45,1.0,1.0,1.0,0.6333
864,30000,50,t,0.5,1.0,1.0,1.0,0.6333
865,30000,50,t,0.55,1.0,1.0,1.0,0.6333
866,30000,50,t,0.6,1.0,1.0,1.0,0.6333
867,30000,50,t,0.65,1.0,1.0,1.0,0.6333
868,30000,50,t,0.7,1.0,1.0,1.0,0.6333
869,30000,50,t,0.75,1.0,1.0,1.0,0.6333
870,30000,50,t,0.8,1.0,1.0,1.0,0.6333
871,30000,50,t,0.85,1.0,1.0,1.0,0.6333
872,30000,50,t,0.9,1.0,1.0,1.0,0.6333
873,30000,50,t,0.95,0.7052995182256159,0.4848768903887014,0.3605818384608235,0.6333
874,30000,50,e,0.05,1.0,1.0,1.0,0.0
875,30000,50,e,0.1,1.0,1.0,1.0,0.0
876,30000,50,e,0.15,1.0,1.0,1.0,0.0
877,30000,50,e,0.2,1.0,1.0,1.0,0.0
878,30000,50,e,0.25,1.0,1.0,1.0,0.0
879,30000,50,e,0.3,1.0,1.0,1.0,0.0
880,30000,50,e,0.35,1.0,1.0,1.0,0.0
881,30000,50,e,0.4,1.0,1.0,1.0,0.0
882,30000,50,e,0.45,1.0,1.0,1.0,0.0
883,30000,50,e,0.5,1.0,1.0,1.0,0.0
884,30000,50,e,0.55,1.0,1.0,1.0,0.0
885,30000,50,e,0.6,0.8724333333333333,0.48468518518518516,0.44858259349398416,0.0
886,30000,50,e,0.65,0.866,0.4811111111111111,0.44824016563146996,0.0
887,30000,50,e,0.7,1.0,1.0,1.0,0.0
888,30000,50,e,0.75,1.0,1.0,1.0,0.0
889,30000,50,e,0.8,1.0,1.0,1.0,0.0
890,30000,50,e,0.85,0.8723333333333333,0.48462962962962963,0.4485773054508056,0.0
891,30000,50,e,0.9,0.8518333333333333,0.47324074074074074,0.44746979513220103,0.0
892,30000,50,e,0.95,0.8734,0.4852222222222222,0.4486336552290939,0.0
893,30000,50,g,0.05,1.0,1.0,1.0,0.0
894,30000,50,g,0.1,1.0,1.0,1.0,0.0
895,30000,50,g,0.15,1.0,1.0,1.0,0.0
896,30000,50,g,0.2,1.0,1.0,1.0,0.0
897,30000,50,g,0.25,1.0,1.0,1.0,0.0
898,30000,50,g,0.3,1.0,1.0,1.0,0.0
899,30000,50,g,0.35,0.8722666666666666,0.4845925925925926,0.44857377948436644,0.0
900,30000,50,g,0.4,0.8655666666666667,0.4808703703703704,0.44821693651396416,0.0
901,30000,50,g,0.45,0.8655666666666667,0.4808703703703704,0.44821693651396416,0.0
902,30000,50,g,0.5,1.0,1.0,1.0,0.0
903,30000,50,g,0.55,1.0,1.0,1.0,0.0
904,30000,50,g,0.6,1.0,1.0,1.0,0.0
905,30000,50,g,0.65,1.0,1.0,1.0,0.0
906,30000,50,g,0.7,1.0,1.0,1.0,0.0
907,30000,50,g,0.75,1.0,1.0,1.0,0.0
908,30000,50,g,0.8,0.8717666666666667,0.4843148148148148,0.4485473193153363,0.0
909,30000,50,g,0.85,0.8655666666666667,0.4808703703703704,0.44821693651396416,0.0
910,30000,50,g,0.9,0.8724333333333333,0.48468518518518516,0.44858259349398416,0.0
911,30000,50,g,0.95,0.8724333333333333,0.48468518518518516,0.44858259349398416,0.0
912,30000,100,t,0.05,1.0,1.0,1.0,0.6202333333333333
913,30000,100,t,0.1,1.0,1.0,1.0,0.6202333333333333
914,30000,100,t,0.15,1.0,1.0,1.0,0.6202333333333333
915,30000,100,t,0.2,1.0,1.0,1.0,0.6202333333333333
916,30000,100,t,0.25,1.0,1.0,1.0,0.6202333333333333
917,30000,100,t,0.3,1.0,1.0,1.0,0.6202333333333333
918,30000,100,t,0.35,1.0,1.0,1.0,0.6202333333333333
919,30000,100,t,0.4,1.0,1.0,1.0,0.6202333333333333
920,30000,100,t,0.45,1.0,1.0,1.0,0.6202333333333333
921,30000,100,t,0.5,1.0,1.0,1.0,0.6202333333333333
922,30000,100,t,0.55,1.0,1.0,1.0,0.6202333333333333
923,30000,100,t,0.6,1.0,1.0,1.0,0.6202333333333333
924,30000,100,t,0.65,1.0,1.0,1.0,0.6202333333333333
925,30000,100,t,0.7,1.0,1.0,1.0,0.6202333333333333
926,30000,100,t,0.75,1.0,1.0,1.0,0.6202333333333333
927,30000,100,t,0.8,1.0,1.0,1.0,0.6202333333333333
928,30000,100,t,0.85,1.0,1.0,1.0,0.6202333333333333
929,30000,100,t,0.9,1.0,1.0,1.0,0.6202333333333333
930,30000,100,t,0.95,1.0,1.0,1.0,0.6202333333333333
931,30000,100,e,0.05,1.0,1.0,1.0,0.0
932,30000,100,e,0.1,1.0,1.0,1.0,0.0
933,30000,100,e,0.15,1.0,1.0,1.0,0.0
934,30000,100,e,0.2,1.0,1.0,1.0,0.0
935,30000,100,e,0.25,1.0,1.0,1.0,0.0
936,30000,100,e,0.3,1.0,1.0,1.0,0.0
937,30000,100,e,0.35,1.0,1.0,1.0,0.0
938,30000,100,e,0.4,1.0,1.0,1.0,0.0
939,30000,100,e,0.45,1.0,1.0,1.0,0.0
940,30000,100,e,0.5,1.0,1.0,1.0,0.0
941,30000,100,e,0.55,1.0,1.0,1.0,0.0
942,30000,100,e,0.6,1.0,1.0,1.0,0.0
943,30000,100,e,0.65,1.0,1.0,1.0,0.0
944,30000,100,e,0.7,1.0,1.0,1.0,0.0
945,30000,100,e,0.75,1.0,1.0,1.0,0.0
946,30000,100,e,0.8,1.0,1.0,1.0,0.0
947,30000,100,e,0.85,1.0,1.0,1.0,0.0
948,30000,100,e,0.9,1.0,1.0,1.0,0.0
949,30000,100,e,0.95,0.8858666666666667,0.49214814814814817,0.4492832025967,0.0
950,30000,100,g,0.05,1.0,1.0,1.0,0.0
951,30000,100,g,0.1,1.0,1.0,1.0,0.0
952,30000,100,g,0.15,1.0,1.0,1.0,0.0
953,30000,100,g,0.2,1.0,1.0,1.0,0.0
954,30000,100,g,0.25,1.0,1.0,1.0,0.0
955,30000,100,g,0.3,1.0,1.0,1.0,0.0
956,30000,100,g,0.35,1.0,1.0,1.0,0.0
957,30000,100,g,0.4,1.0,1.0,1.0,0.0
958,30000,100,g,0.45,1.0,1.0,1.0,0.0
959,30000,100,g,0.5,1.0,1.0,1.0,0.0
960,30000,100,g,0.55,1.0,1.0,1.0,0.0
961,30000,100,g,0.6,1.0,1.0,1.0,0.0
962,30000,100,g,0.65,1.0,1.0,1.0,0.0
963,30000,100,g,0.7,1.0,1.0,1.0,0.0
964,30000,100,g,0.75,1.0,1.0,1.0,0.0
965,30000,100,g,0.8,1.0,1.0,1.0,0.0
966,30000,100,g,0.85,1.0,1.0,1.0,0.0
967,30000,100,g,0.9,0.8828,0.49044444444444446,0.4491249491249491,0.0
968,30000,100,g,0.95,0.8875333333333333,0.49307407407407405,0.44936879767771554,0.0
969,30000,200,t,0.05,1.0,1.0,1.0,0.6136333333333334
970,30000,200,t,0.1,1.0,1.0,1.0,0.6136333333333334
971,30000,200,t,0.15,1.0,1.0,1.0,0.6136333333333334
972,30000,200,t,0.2,1.0,1.0,1.0,0.6136333333333334
973,30000,200,t,0.25,1.0,1.0,1.0,0.6136333333333334
974,30000,200,t,0.3,1.0,1.0,1.0,0.6136333333333334
975,30000,200,t,0.35,1.0,1.0,1.0,0.6136333333333334
976,30000,200,t,0.4,1.0,1.0,1.0,0.6136333333333334
977,30000,200,t,0.45,1.0,1.0,1.0,0.6136333333333334
978,30000,200,t,0.5,1.0,1.0,1.0,0.6136333333333334
979,30000,200,t,0.55,1.0,1.0,1.0,0.6136333333333334
980,30000,200,t,0.6,1.0,1.0,1.0,0.6136333333333334
981,30000,200,t,0.65,1.0,1.0,1.0,0.6136333333333334
982,30000,200,t,0.7,1.0,1.0,1.0,0.6136333333333334
983,30000,200,t,0.75,1.0,1.0,1.0,0.6136333333333334
984,30000,200,t,0.8,1.0,1.0,1.0,0.6136333333333334
985,30000,200,t,0.85,1.0,1.0,1.0,0.6136333333333334
986,30000,200,t,0.9,1.0,1.0,1.0,0.6136333333333334
987,30000,200,t,0.95,1.0,1.0,1.0,0.6136333333333334
988,30000,200,e,0.05,1.0,1.0,1.0,0.0
989,30000,200,e,0.1,1.0,1.0,1.0,0.0
990,30000,200,e,0.15,1.0,1.0,1.0,0.0
991,30000,200,e,0.2,1.0,1.0,1.0,0.0
992,30000,200,e,0.25,1.0,1.0,1.0,0.0
993,30000,200,e,0.3,1.0,1.0,1.0,0.0
994,30000,200,e,0.35,1.0,1.0,1.0,0.0
995,30000,200,e,0.4,1.0,1.0,1.0,0.0
996,30000,200,e,0.45,1.0,1.0,1.0,0.0
997,30000,200,e,0.5,1.0,1.0,1.0,0.0
998,30000,200,e,0.55,1.0,1.0,1.0,0.0
999,30000,200,e,0.6,1.0,1.0,1.0,0.0
1000,30000,200,e,0.65,1.0,1.0,1.0,0.0
1001,30000,200,e,0.7,1.0,1.0,1.0,0.0
1002,30000,200,e,0.75,1.0,1.0,1.0,0.0
1003,30000,200,e,0.8,1.0,1.0,1.0,0.0
1004,30000,200,e,0.85,1.0,1.0,1.0,0.0
1005,30000,200,e,0.9,1.0,1.0,1.0,0.0
1006,30000,200,e,0.95,0.8932666666666667,0.49625925925925923,0.4496610510772535,0.0
1007,30000,200,g,0.05,1.0,1.0,1.0,0.0
1008,30000,200,g,0.1,1.0,1.0,1.0,0.0
1009,30000,200,g,0.15,1.0,1.0,1.0,0.0
1010,30000,200,g,0.2,1.0,1.0,1.0,0.0
1011,30000,200,g,0.25,1.0,1.0,1.0,0.0
1012,30000,200,g,0.3,1.0,1.0,1.0,0.0
1013,30000,200,g,0.35,1.0,1.0,1.0,0.0
1014,30000,200,g,0.4,1.0,1.0,1.0,0.0
1015,30000,200,g,0.45,1.0,1.0,1.0,0.0
1016,30000,200,g,0.5,1.0,1.0,1.0,0.0
1017,30000,200,g,0.55,1.0,1.0,1.0,0.0
1018,30000,200,g,0.6,1.0,1.0,1.0,0.0
1019,30000,200,g,0.65,1.0,1.0,1.0,0.0
1020,30000,200,g,0.7,1.0,1.0,1.0,0.0
1021,30000,200,g,0.75,1.0,1.0,1.0,0.0
1022,30000,200,g,0.8,1.0,1.0,1.0,0.0
1023,30000,200,g,0.85,0.8909,0.49494444444444446,0.4495408214754264,0.0
1024,30000,200,g,0.9,1.0,1.0,1.0,0.0
1025,30000,200,g,0.95,0.8871333333333333,0.4928518518518519,0.4493482812183427,0.0
1026,40000,50,t,0.05,1.0,1.0,1.0,0.6255
1027,40000,50,t,0.1,1.0,1.0,1.0,0.6255
1028,40000,50,t,0.15,1.0,1.0,1.0,0.6255
1029,40000,50,t,0.2,1.0,1.0,1.0,0.6255
1030,40000,50,t,0.25,1.0,1.0,1.0,0.6255
1031,40000,50,t,0.3,1.0,1.0,1.0,0.6255
1032,40000,50,t,0.35,1.0,1.0,1.0,0.6255
1033,40000,50,t,0.4,1.0,1.0,1.0,0.6255
1034,40000,50,t,0.45,1.0,1.0,1.0,0.6255
1035,40000,50,t,0.5,1.0,1.0,1.0,0.6255
1036,40000,50,t,0.55,1.0,1.0,1.0,0.6255
1037,40000,50,t,0.6,1.0,1.0,1.0,0.6255
1038,40000,50,t,0.65,1.0,1.0,1.0,0.6255
1039,40000,50,t,0.7,1.0,1.0,1.0,0.6255
1040,40000,50,t,0.75,1.0,1.0,1.0,0.6255
1041,40000,50,t,0.8,1.0,1.0,1.0,0.6255
1042,40000,50,t,0.85,1.0,1.0,1.0,0.6255
1043,40000,50,t,0.9,1.0,1.0,1.0,0.6255
1044,40000,50,t,0.95,1.0,1.0,1.0,0.6255
1045,40000,50,e,0.05,1.0,1.0,1.0,0.0
1046,40000,50,e,0.1,1.0,1.0,1.0,0.0
1047,40000,50,e,0.15,1.0,1.0,1.0,0.0
1048,40000,50,e,0.2,1.0,1.0,1.0,0.0
1049,40000,50,e,0.25,1.0,1.0,1.0,0.0
1050,40000,50,e,0.3,1.0,1.0,1.0,0.0
1051,40000,50,e,0.35,1.0,1.0,1.0,0.0
1052,40000,50,e,0.4,1.0,1.0,1.0,0.0
1053,40000,50,e,0.45,1.0,1.0,1.0,0.0
1054,40000,50,e,0.5,1.0,1.0,1.0,0.0
1055,40000,50,e,0.55,1.0,1.0,1.0,0.0
1056,40000,50,e,0.6,1.0,1.0,1.0,0.0
1057,40000,50,e,0.65,1.0,1.0,1.0,0.0
1058,40000,50,e,0.7,0.87305,0.4850277777777778,0.44861517907610093,0.0
1059,40000,50,e,0.75,1.0,1.0,1.0,0.0
1060,40000,50,e,0.8,0.878825,0.4882361111111111,0.4489183459760427,0.0
1061,40000,50,e,0.85,0.87425,0.48569444444444443,0.4486784706184244,0.0
1062,40000,50,e,0.9,0.872475,0.48470833333333335,0.44858479652433225,0.0
1063,40000,50,e,0.95,0.87425,0.48569444444444443,0.4486784706184244,0.0
1064,40000,50,g,0.05,1.0,1.0,1.0,0.0
1065,40000,50,g,0.1,1.0,1.0,1.0,0.0
1066,40000,50,g,0.15,1.0,1.0,1.0,0.0
1067,40000,50,g,0.2,1.0,1.0,1.0,0.0
1068,40000,50,g,0.25,1.0,1.0,1.0,0.0
1069,40000,50,g,0.3,1.0,1.0,1.0,0.0
1070,40000,50,g,0.35,1.0,1.0,1.0,0.0
1071,40000,50,g,0.4,0.870325,0.4835138888888889,0.4484708731610543,0.0
1072,40000,50,g,0.45,1.0,1.0,1.0,0.0
1073,40000,50,g,0.5,1.0,1.0,1.0,0.0
1074,40000,50,g,0.55,0.872775,0.484875,0.4486006527717098,0.0
1075,40000,50,g,0.6,0.872775,0.484875,0.4486006527717098,0.0
1076,40000,50,g,0.65,0.878025,0.4877916666666667,0.4488765624600598,0.0
1077,40000,50,g,0.7,0.878025,0.4877916666666667,0.4488765624600598,0.0
1078,40000,50,g,0.75,0.878025,0.4877916666666667,0.4488765624600598,0.0
1079,40000,50,g,0.8,0.878025,0.4877916666666667,0.4488765624600598,0.0
1080,40000,50,g,0.85,0.870025,0.4833472222222222,0.44845493672843484,0.0
1081,40000,50,g,0.9,0.875525,0.4864027777777778,0.448745547269419,0.0
1082,40000,50,g,0.95,0.875525,0.4864027777777778,0.448745547269419,0.0
1083,40000,100,t,0.05,1.0,1.0,1.0,0.619275
1084,40000,100,t,0.1,1.0,1.0,1.0,0.619275
1085,40000,100,t,0.15,1.0,1.0,1.0,0.619275
1086,40000,100,t,0.2,1.0,1.0,1.0,0.619275
1087,40000,100,t,0.25,1.0,1.0,1.0,0.619275
1088,40000,100,t,0.3,1.0,1.0,1.0,0.619275
1089,40000,100,t,0.35,1.0,1.0,1.0,0.619275
1090,40000,100,t,0.4,1.0,1.0,1.0,0.619275
1091,40000,100,t,0.45,1.0,1.0,1.0,0.619275
1092,40000,100,t,0.5,1.0,1.0,1.0,0.619275
1093,40000,100,t,0.55,1.0,1.0,1.0,0.619275
1094,40000,100,t,0.6,1.0,1.0,1.0,0.619275
1095,40000,100,t,0.65,1.0,1.0,1.0,0.619275
1096,40000,100,t,0.7,1.0,1.0,1.0,0.619275
1097,40000,100,t,0.75,1.0,1.0,1.0,0.619275
1098,40000,100,t,0.8,1.0,1.0,1.0,0.619275
1099,40000,100,t,0.85,1.0,1.0,1.0,0.619275
1100,40000,100,t,0.9,1.0,1.0,1.0,0.619275
1101,40000,100,t,0.95,1.0,1.0,1.0,0.619275
1102,40000,100,e,0.05,1.0,1.0,1.0,0.0
1103,40000,100,e,0.1,1.0,1.0,1.0,0.0
1104,40000,100,e,0.15,1.0,1.0,1.0,0.0
1105,40000,100,e,0.2,1.0,1.0,1.0,0.0
1106,40000,100,e,0.25,1.0,1.0,1.0,0.0
1107,40000,100,e,0.3,1.0,1.0,1.0,0.0
1108,40000,100,e,0.35,1.0,1.0,1.0,0.0
1109,40000,100,e,0.4,1.0,1.0,1.0,0.0
1110,40000,100,e,0.45,1.0,1.0,1.0,0.0
1111,40000,100,e,0.5,1.0,1.0,1.0,0.0
1112,40000,100,e,0.55,1.0,1.0,1.0,0.0
1113,40000,100,e,0.6,1.0,1.0,1.0,0.0
1114,40000,100,e,0.65,1.0,1.0,1.0,0.0
1115,40000,100,e,0.7,1.0,1.0,1.0,0.0
1116,40000,100,e,0.75,1.0,1.0,1.0,0.0
1117,40000,100,e,0.8,1.0,1.0,1.0,0.0
1118,40000,100,e,0.85,1.0,1.0,1.0,0.0
1119,40000,100,e,0.9,0.88625,0.49236111111111114,0.44930291508238274,0.0
1120,40000,100,e,0.95,0.88715,0.49286111111111114,0.4493491364027757,0.0
1121,40000,100,g,0.05,1.0,1.0,1.0,0.0
1122,40000,100,g,0.1,1.0,1.0,1.0,0.0
1123,40000,100,g,0.15,1.0,1.0,1.0,0.0
1124,40000,100,g,0.2,1.0,1.0,1.0,0.0
1125,40000,100,g,0.25,1.0,1.0,1.0,0.0
1126,40000,100,g,0.3,1.0,1.0,1.0,0.0
1127,40000,100,g,0.35,1.0,1.0,1.0,0.0
1128,40000,100,g,0.4,1.0,1.0,1.0,0.0
1129,40000,100,g,0.45,1.0,1.0,1.0,0.0
1130,40000,100,g,0.5,1.0,1.0,1.0,0.0
1131,40000,100,g,0.55,1.0,1.0,1.0,0.0
1132,40000,100,g,0.6,1.0,1.0,1.0,0.0
1133,40000,100,g,0.65,1.0,1.0,1.0,0.0
1134,40000,100,g,0.7,1.0,1.0,1.0,0.0
1135,40000,100,g,0.75,0.886925,0.4927361111111111,0.44933758897585935,0.0
1136,40000,100,g,0.8,1.0,1.0,1.0,0.0
1137,40000,100,g,0.85,1.0,1.0,1.0,0.0
1138,40000,100,g,0.9,1.0,1.0,1.0,0.0
1139,40000,100,g,0.95,0.886825,0.49268055555555557,0.4493324550958883,0.0
1140,40000,200,t,0.05,1.0,1.0,1.0,0.6173
1141,40000,200,t,0.1,1.0,1.0,1.0,0.6173
1142,40000,200,t,0.15,1.0,1.0,1.0,0.6173
1143,40000,200,t,0.2,1.0,1.0,1.0,0.6173
1144,40000,200,t,0.25,1.0,1.0,1.0,0.6173
1145,40000,200,t,0.3,1.0,1.0,1.0,0.6173
1146,40000,200,t,0.35,1.0,1.0,1.0,0.6173
1147,40000,200,t,0.4,1.0,1.0,1.0,0.6173
1148,40000,200,t,0.45,1.0,1.0,1.0,0.6173
1149,40000,200,t,0.5,1.0,1.0,1.0,0.6173
1150,40000,200,t,0.55,1.0,1.0,1.0,0.6173
1151,40000,200,t,0.6,1.0,1.0,1.0,0.6173
1152,40000,200,t,0.65,1.0,1.0,1.0,0.6173
1153,40000,200,t,0.7,1.0,1.0,1.0,0.6173
1154,40000,200,t,0.75,1.0,1.0,1.0,0.6173
1155,40000,200,t,0.8,1.0,1.0,1.0,0.6173
1156,40000,200,t,0.85,1.0,1.0,1.0,0.6173
1157,40000,200,t,0.9,1.0,1.0,1.0,0.6173
1158,40000,200,t,0.95,1.0,1.0,1.0,0.6173
1159,40000,200,e,0.05,1.0,1.0,1.0,0.0
1160,40000,200,e,0.1,1.0,1.0,1.0,0.0
1161,40000,200,e,0.15,1.0,1.0,1.0,0.0
1162,40000,200,e,0.2,1.0,1.0,1.0,0.0
1163,40000,200,e,0.25,1.0,1.0,1.0,0.0
1164,40000,200,e,0.3,1.0,1.0,1.0,0.0
1165,40000,200,e,0.35,1.0,1.0,1.0,0.0
1166,40000,200,e,0.4,1.0,1.0,1.0,0.0
1167,40000,200,e,0.45,1.0,1.0,1.0,0.0
1168,40000,200,e,0.5,1.0,1.0,1.0,0.0
1169,40000,200,e,0.55,1.0,1.0,1.0,0.0
1170,40000,200,e,0.6,1.0,1.0,1.0,0.0
1171,40000,200,e,0.65,1.0,1.0,1.0,0.0
1172,40000,200,e,0.7,1.0,1.0,1.0,0.0
1173,40000,200,e,0.75,1.0,1.0,1.0,0.0
1174,40000,200,e,0.8,1.0,1.0,1.0,0.0
1175,40000,200,e,0.85,1.0,1.0,1.0,0.0
1176,40000,200,e,0.9,1.0,1.0,1.0,0.0
1177,40000,200,e,0.95,0.8852,0.49177777777777776,0.44924888347543646,0.0
1178,40000,200,g,0.05,1.0,1.0,1.0,0.0
1179,40000,200,g,0.1,1.0,1.0,1.0,0.0
1180,40000,200,g,0.15,1.0,1.0,1.0,0.0
1181,40000,200,g,0.2,1.0,1.0,1.0,0.0
1182,40000,200,g,0.25,1.0,1.0,1.0,0.0
1183,40000,200,g,0.3,1.0,1.0,1.0,0.0
1184,40000,200,g,0.35,1.0,1.0,1.0,0.0
1185,40000,200,g,0.4,1.0,1.0,1.0,0.0
1186,40000,200,g,0.45,1.0,1.0,1.0,0.0
1187,40000,200,g,0.5,1.0,1.0,1.0,0.0
1188,40000,200,g,0.55,1.0,1.0,1.0,0.0
1189,40000,200,g,0.6,1.0,1.0,1.0,0.0
1190,40000,200,g,0.65,1.0,1.0,1.0,0.0
1191,40000,200,g,0.7,1.0,1.0,1.0,0.0
1192,40000,200,g,0.75,1.0,1.0,1.0,0.0
1193,40000,200,g,0.8,1.0,1.0,1.0,0.0
1194,40000,200,g,0.85,1.0,1.0,1.0,0.0
1195,40000,200,g,0.9,1.0,1.0,1.0,0.0
1196,40000,200,g,0.95,1.0,1.0,1.0,0.0
1197,50000,50,t,0.05,1.0,1.0,1.0,0.63392
1198,50000,50,t,0.1,1.0,1.0,1.0,0.63392
1199,50000,50,t,0.15,1.0,1.0,1.0,0.63392
1200,50000,50,t,0.2,1.0,1.0,1.0,0.63392
1201,50000,50,t,0.25,1.0,1.0,1.0,0.63392
1202,50000,50,t,0.3,1.0,1.0,1.0,0.63392
1203,50000,50,t,0.35,1.0,1.0,1.0,0.63392
1204,50000,50,t,0.4,1.0,1.0,1.0,0.63392
1205,50000,50,t,0.45,1.0,1.0,1.0,0.63392
1206,50000,50,t,0.5,1.0,1.0,1.0,0.63392
1207,50000,50,t,0.55,1.0,1.0,1.0,0.63392
1208,50000,50,t,0.6,1.0,1.0,1.0,0.63392
1209,50000,50,t,0.65,1.0,1.0,1.0,0.63392
1210,50000,50,t,0.7,1.0,1.0,1.0,0.63392
1211,50000,50,t,0.75,1.0,1.0,1.0,0.63392
1212,50000,50,t,0.8,1.0,1.0,1.0,0.63392
1213,50000,50,t,0.85,1.0,1.0,1.0,0.63392
1214,50000,50,t,0.9,1.0,1.0,1.0,0.63392
1215,50000,50,t,0.95,1.0,1.0,1.0,0.63392
1216,50000,50,e,0.05,1.0,1.0,1.0,0.0
1217,50000,50,e,0.1,1.0,1.0,1.0,0.0
1218,50000,50,e,0.15,1.0,1.0,1.0,0.0
1219,50000,50,e,0.2,1.0,1.0,1.0,0.0
1220,50000,50,e,0.25,1.0,1.0,1.0,0.0
1221,50000,50,e,0.3,1.0,1.0,1.0,0.0
1222,50000,50,e,0.35,1.0,1.0,1.0,0.0
1223,50000,50,e,0.4,1.0,1.0,1.0,0.0
1224,50000,50,e,0.45,1.0,1.0,1.0,0.0
1225,50000,50,e,0.5,1.0,1.0,1.0,0.0
1226,50000,50,e,0.55,1.0,1.0,1.0,0.0
1227,50000,50,e,0.6,1.0,1.0,1.0,0.0
1228,50000,50,e,0.65,0.86358,0.4797666666666667,0.4481101724817867,0.0
1229,50000,50,e,0.7,0.87234,0.48463333333333336,0.4485776580208569,0.0
1230,50000,50,e,0.75,0.87234,0.48463333333333336,0.4485776580208569,0.0
1231,50000,50,e,0.8,0.87234,0.48463333333333336,0.4485776580208569,0.0
1232,50000,50,e,0.85,0.87234,0.48463333333333336,0.4485776580208569,0.0
1233,50000,50,e,0.9,0.75642,0.42023333333333335,0.44161743069989023,0.0
1234,50000,50,e,0.95,0.86358,0.4797666666666667,0.4481101724817867,0.0
1235,50000,50,g,0.05,1.0,1.0,1.0,0.0
1236,50000,50,g,0.1,1.0,1.0,1.0,0.0
1237,50000,50,g,0.15,1.0,1.0,1.0,0.0
1238,50000,50,g,0.2,1.0,1.0,1.0,0.0
1239,50000,50,g,0.25,1.0,1.0,1.0,0.0
1240,50000,50,g,0.3,1.0,1.0,1.0,0.0
1241,50000,50,g,0.35,1.0,1.0,1.0,0.0
1242,50000,50,g,0.4,1.0,1.0,1.0,0.0
1243,50000,50,g,0.45,1.0,1.0,1.0,0.0
1244,50000,50,g,0.5,0.8715,0.4841666666666667,0.4485331960885229,0.0
1245,50000,50,g,0.55,0.8715,0.4841666666666667,0.4485331960885229,0.0
1246,50000,50,g,0.6,0.8715,0.4841666666666667,0.4485331960885229,0.0
1247,50000,50,g,0.65,0.8715,0.4841666666666667,0.4485331960885229,0.0
1248,50000,50,g,0.7,0.8715,0.4841666666666667,0.4485331960885229,0.0
1249,50000,50,g,0.75,0.8676,0.482,0.4483257544439851,0.0
1250,50000,50,g,0.8,0.8715,0.4841666666666667,0.4485331960885229,0.0
1251,50000,50,g,0.85,0.8676,0.482,0.4483257544439851,0.0
1252,50000,50,g,0.9,0.87414,0.4856333333333333,0.44867267538546823,0.0
1253,50000,50,g,0.95,0.8715,0.4841666666666667,0.4485331960885229,0.0
1254,50000,100,t,0.05,1.0,1.0,1.0,0.6164
1255,50000,100,t,0.1,1.0,1.0,1.0,0.6164
1256,50000,100,t,0.15,1.0,1.0,1.0,0.6164
1257,50000,100,t,0.2,1.0,1.0,1.0,0.6164
1258,50000,100,t,0.25,1.0,1.0,1.0,0.6164
1259,50000,100,t,0.3,1.0,1.0,1.0,0.6164
1260,50000,100,t,0.35,1.0,1.0,1.0,0.6164
1261,50000,100,t,0.4,1.0,1.0,1.0,0.6164
1262,50000,100,t,0.45,1.0,1.0,1.0,0.6164
1263,50000,100,t,0.5,1.0,1.0,1.0,0.6164
1264,50000,100,t,0.55,1.0,1.0,1.0,0.6164
1265,50000,100,t,0.6,1.0,1.0,1.0,0.6164
1266,50000,100,t,0.65,1.0,1.0,1.0,0.6164
1267,50000,100,t,0.7,1.0,1.0,1.0,0.6164
1268,50000,100,t,0.75,1.0,1.0,1.0,0.6164
1269,50000,100,t,0.8,1.0,1.0,1.0,0.6164
1270,50000,100,t,0.85,1.0,1.0,1.0,0.6164
1271,50000,100,t,0.9,1.0,1.0,1.0,0.6164
1272,50000,100,t,0.95,1.0,1.0,1.0,0.6164
1273,50000,100,e,0.05,1.0,1.0,1.0,0.0
1274,50000,100,e,0.1,1.0,1.0,1.0,0.0
1275,50000,100,e,0.15,1.0,1.0,1.0,0.0
1276,50000,100,e,0.2,1.0,1.0,1.0,0.0
1277,50000,100,e,0.25,1.0,1.0,1.0,0.0
1278,50000,100,e,0.3,1.0,1.0,1.0,0.0
1279,50000,100,e,0.35,1.0,1.0,1.0,0.0
1280,50000,100,e,0.4,1.0,1.0,1.0,0.0
1281,50000,100,e,0.45,1.0,1.0,1.0,0.0
1282,50000,100,e,0.5,1.0,1.0,1.0,0.0
1283,50000,100,e,0.55,1.0,1.0,1.0,0.0
1284,50000,100,e,0.6,1.0,1.0,1.0,0.0
1285,50000,100,e,0.65,1.0,1.0,1.0,0.0
1286,50000,100,e,0.7,1.0,1.0,1.0,0.0
1287,50000,100,e,0.75,1.0,1.0,1.0,0.0
1288,50000,100,e,0.8,0.88392,0.49106666666666665,0.4491828603951541,0.0
1289,50000,100,e,0.85,1.0,1.0,1.0,0.0
1290,50000,100,e,0.9,0.8871,0.49283333333333335,0.4493465707628406,0.0
1291,50000,100,e,0.95,0.87362,0.48534444444444447,0.4486452620118732,0.0
1292,50000,100,g,0.05,1.0,1.0,1.0,0.0
1293,50000,100,g,0.1,1.0,1.0,1.0,0.0
1294,50000,100,g,0.15,1.0,1.0,1.0,0.0
1295,50000,100,g,0.2,1.0,1.0,1.0,0.0
1296,50000,100,g,0.25,1.0,1.0,1.0,0.0
1297,50000,100,g,0.3,1.0,1.0,1.0,0.0
1298,50000,100,g,0.35,1.0,1.0,1.0,0.0
1299,50000,100,g,0.4,1.0,1.0,1.0,0.0
1300,50000,100,g,0.45,1.0,1.0,1.0,0.0
1301,50000,100,g,0.5,1.0,1.0,1.0,0.0
1302,50000,100,g,0.55,1.0,1.0,1.0,0.0
1303,50000,100,g,0.6,1.0,1.0,1.0,0.0
1304,50000,100,g,0.65,1.0,1.0,1.0,0.0
1305,50000,100,g,0.7,1.0,1.0,1.0,0.0
1306,50000,100,g,0.75,0.885,0.49166666666666664,0.44923857868020306,0.0
1307,50000,100,g,0.8,1.0,1.0,1.0,0.0
1308,50000,100,g,0.85,1.0,1.0,1.0,0.0
1309,50000,100,g,0.9,1.0,1.0,1.0,0.0
1310,50000,100,g,0.95,0.88774,0.4931888888888889,0.44937939133780147,0.0
1311,50000,200,t,0.05,1.0,1.0,1.0,0.61714
1312,50000,200,t,0.1,1.0,1.0,1.0,0.61714
1313,50000,200,t,0.15,1.0,1.0,1.0,0.61714
1314,50000,200,t,0.2,1.0,1.0,1.0,0.61714
1315,50000,200,t,0.25,1.0,1.0,1.0,0.61714
1316,50000,200,t,0.3,1.0,1.0,1.0,0.61714
1317,50000,200,t,0.35,1.0,1.0,1.0,0.61714
1318,50000,200,t,0.4,1.0,1.0,1.0,0.61714
1319,50000,200,t,0.45,1.0,1.0,1.0,0.61714
1320,50000,200,t,0.5,1.0,1.0,1.0,0.61714
1321,50000,200,t,0.55,1.0,1.0,1.0,0.61714
1322,50000,200,t,0.6,1.0,1.0,1.0,0.61714
1323,50000,200,t,0.65,1.0,1.0,1.0,0.61714
1324,50000,200,t,0.7,1.0,1.0,1.0,0.61714
1325,50000,200,t,0.75,1.0,1.0,1.0,0.61714
1326,50000,200,t,0.8,1.0,1.0,1.0,0.61714
1327,50000,200,t,0.85,1.0,1.0,1.0,0.61714
1328,50000,200,t,0.9,1.0,1.0,1.0,0.61714
1329,50000,200,t,0.95,1.0,1.0,1.0,0.61714
1330,50000,200,e,0.05,1.0,1.0,1.0,0.0
1331,50000,200,e,0.1,1.0,1.0,1.0,0.0
1332,50000,200,e,0.15,1.0,1.0,1.0,0.0
1333,50000,200,e,0.2,1.0,1.0,1.0,0.0
1334,50000,200,e,0.25,1.0,1.0,1.0,0.0
1335,50000,200,e,0.3,1.0,1.0,1.0,0.0
1336,50000,200,e,0.35,1.0,1.0,1.0,0.0
1337,50000,200,e,0.4,1.0,1.0,1.0,0.0
1338,50000,200,e,0.45,1.0,1.0,1.0,0.0
1339,50000,200,e,0.5,1.0,1.0,1.0,0.0
1340,50000,200,e,0.55,1.0,1.0,1.0,0.0
1341,50000,200,e,0.6,1.0,1.0,1.0,0.0
1342,50000,200,e,0.65,1.0,1.0,1.0,0.0
1343,50000,200,e,0.7,1.0,1.0,1.0,0.0
1344,50000,200,e,0.75,1.0,1.0,1.0,0.0
1345,50000,200,e,0.8,1.0,1.0,1.0,0.0
1346,50000,200,e,0.85,1.0,1.0,1.0,0.0
1347,50000,200,e,0.9,0.89322,0.49623333333333336,0.4496586858903365,0.0
1348,50000,200,e,0.95,1.0,1.0,1.0,0.0
1349,50000,200,g,0.05,1.0,1.0,1.0,0.0
1350,50000,200,g,0.1,1.0,1.0,1.0,0.0
1351,50000,200,g,0.15,1.0,1.0,1.0,0.0
1352,50000,200,g,0.2,1.0,1.0,1.0,0.0
1353,50000,200,g,0.25,1.0,1.0,1.0,0.0
1354,50000,200,g,0.3,1.0,1.0,1.0,0.0
1355,50000,200,g,0.35,1.0,1.0,1.0,0.0
1356,50000,200,g,0.4,1.0,1.0,1.0,0.0
1357,50000,200,g,0.45,1.0,1.0,1.0,0.0
1358,50000,200,g,0.5,1.0,1.0,1.0,0.0
1359,50000,200,g,0.55,1.0,1.0,1.0,0.0
1360,50000,200,g,0.6,1.0,1.0,1.0,0.0
1361,50000,200,g,0.65,1.0,1.0,1.0,0.0
1362,50000,200,g,0.7,1.0,1.0,1.0,0.0
1363,50000,200,g,0.75,1.0,1.0,1.0,0.0
1364,50000,200,g,0.8,1.0,1.0,1.0,0.0
1365,50000,200,g,0.85,1.0,1.0,1.0,0.0
1366,50000,200,g,0.9,1.0,1.0,1.0,0.0
1367,50000,200,g,0.95,1.0,1.0,1.0,0.0
